studentID,username,password
1,AARVI,ppgmis
2,"ABDUL SAMAD",ppgmis
3,ADHIRAJ,ppgmis
4,ALIASGER,ppgmis
5,ANVI,ppgmis
6,ARVI,ppgmis
7,DIVYANSH,ppgmis
8,JINAAN,ppgmis
10,KRUSHNAVI,ppgmis
12,REVA,ppgmis
13,"RUDRANSH RATHOD",ppgmis
14,SANVI,ppgmis
16,"SONAKSHI SALUNKHE",ppgmis
17,SHRINITA,ppgmis
19,TAKSH,ppgmis
21,TAKSH,ppgmis
22,"YASHVI OSWAL",ppgmis
23,YUVRAAJ,ppgmis
24,"ZUBAIR KHAN",ppgmis
26,JANHVI,ppgmis
27,VIDHI,ppgmis
28,SARTHAK,ppgmis
29,AAYUSH,ppgmis
30,KINJAL,ppgmis
31,ASHITA,ppgmis
33,NAIRITI,ppgmis
34,HINDAVI,ppgmis
35,REETIKA,ppgmis
36,ANVI,ppgmis
37,AMAYA,ppgmis
38,SAANJ,ppgmis
39,PRIYANSHI,ppgmis
40,SNEHAL,ppgmis
41,ADVIKA,ppgmis
42,MEERA,ppgmis
45,DEVASHREE,ppgmis
46,SAHILI,ppgmis
47,SHREERAJ,ppgmis
48,MALHAR,ppgmis
49,ATHARV,ppgmis
50,JIVESH,ppgmis
51,SPARSH,ppgmis
53,KAPILESH,ppgmis
54,MIHAAN,ppgmis
56,VED,ppgmis
58,ANSH,ppgmis
60,VAIBHAV,ppgmis
61,DAKSH,ppgmis
62,KIYANSH,ppgmis
64,ADHVIK,ppgmis
65,DURVESH,ppgmis
66,HARSHIT,ppgmis
67,TRISHA,ppgmis
68,VIDIT,ppgmis
69,ANSHIKA,ppgmis
70,MISHTI,ppgmis
71,AAROHI,ppgmis
72,UMAR,ppgmis
73,PRIYESH,ppgmis
74,MANIKARNIKA,ppgmis
75,TEJESHV,ppgmis
76,SHIVAI,ppgmis
77,AYANSH,ppgmis
78,RIYA,ppgmis
79,RAJVEER,ppgmis
82,RIDHAAN,ppgmis
83,PRATYUSH,ppgmis
84,SAIFULLA,ppgmis
86,ANVIK,ppgmis
87,DHRUV,ppgmis
88,ARNAV,ppgmis
90,ADWITA,ppgmis
91,MANYA,ppgmis
92,SHRUTI,ppgmis
93,HARSH,ppgmis
95,ANSH,ppgmis
96,ADRITI,ppgmis
98,PRIYANSHIKUMARI,ppgmis
99,SOUMITRA,ppgmis
446,9130779656,ppgmis
448,"74999 85225",ppgmis
454,9766543547,ppgmis
455,9158719173,ppgmis
456,9834932373,ppgmis
458,8087862079,ppgmis
460,7219116811,ppgmis
461,"MOHAMMAD ZAINUL",ppgmis
462,7276497160,ppgmis
463,LAKSHYA,ppgmis
468,SRUJAN,ppgmis
472,9021455390,ppgmis
473,9137819383,ppgmis
474,9146946757,ppgmis
475,SHALV,ppgmis
476,SURUCHI,ppgmis
477,RUAANSH,ppgmis
479,"DIVYANSHI KUMARI",ppgmis
480,GARGEE,ppgmis
481,GURURAJ,ppgmis
482,TANISH,ppgmis
483,DEVANSH,ppgmis
484,"TRISHA PANDEY",ppgmis
485,VIHAAN,ppgmis
486,ANANYA,ppgmis
488,MAHI,ppgmis
489,TRISHA,ppgmis
491,RISHABH,ppgmis
493,"URVI THAKEKAR",ppgmis
494,PURVISHA,ppgmis
495,"KIA PORWAL",ppgmis
496,KASTURI,ppgmis
497,ANAV,ppgmis
498,8975516274,ppgmis
499,KRITARTH,ppgmis
500,SHIVANYA,ppgmis
501,SHRUSHTI,ppgmis
502,AYUSHRAJ,ppgmis
551,ANANYA,ppgmis
553,TRISHA,ppgmis
554,TIYA,ppgmis
557,SUHAMITHAA,ppgmis
559,HASNAIN,ppgmis
564,"YUTIKA DESHMUKH",ppgmis
565,YUVIKA,ppgmis
574,9922229084,ppgmis
578,9967409800,ppgmis
581,8390380927,ppgmis
583,BODHI,ppgmis
584,VIHAAN,ppgmis
585,8983085091,ppgmis
590,FATIMA,ppgmis
595,7276353726,ppgmis
598,8983458110,ppgmis
599,"96576 67714",ppgmis
601,8983821890,ppgmis
602,RATNESH,ppgmis
604,8380082192,ppgmis
606,"DEVANSH TONDE",ppgmis
608,9021451451,ppgmis
612,9372723456,ppgmis
616,8087103161,ppgmis
618,AKSH,ppgmis
619,ADVAIT,ppgmis
621,7017515053,ppgmis
632,8446983948,ppgmis
638,"ADVIK DESHMUKH",ppgmis
640,YUG,ppgmis
644,9172144229,ppgmis
645,SHAURYA,ppgmis
649,"AIHAAN KHARBE",ppgmis
651,8446415405,ppgmis
652,7507820861,ppgmis
655,8317259882,ppgmis
1867,DNYANADA,ppgmis
1868,MAHEERA,ppgmis
1869,ABHISHREE,ppgmis
1870,BHUMIKSHA,ppgmis
1871,SPRUHA,ppgmis
1872,PRISHA,ppgmis
1873,AAIRA,ppgmis
1874,SANJANA,ppgmis
1875,DURVA,ppgmis
1876,SHIVANYA,ppgmis
1877,KRUSHNAI,ppgmis
1878,DEVANSHI,ppgmis
1879,DHRUVABEN,ppgmis
1880,NEVIKA,ppgmis
1881,AARADHYA,ppgmis
1883,9970828480,ppgmis
1884,9464010248,ppgmis
1886,NINAD,ppgmis
1887,NIRAV,ppgmis
1888,SHRINIVAS,ppgmis
1889,SHIVANSH,ppgmis
1890,HITARTH,ppgmis
1891,VISHWARAJ,ppgmis
1893,RUDRA,ppgmis
1895,ADVEY,ppgmis
1896,ARYAN,ppgmis
1897,BURHANUDDIN,ppgmis
1898,SPARSH,ppgmis
1900,RIYANSH,ppgmis
1901,PRASHAST,ppgmis
1902, NOMAN,ppgmis
1903,SMARAN,ppgmis
1904,RUDRANSH,ppgmis
1905,SUYASH,ppgmis
1906,SOHAN,ppgmis
1907,9623272158,ppgmis
1908,RAJVEER,ppgmis
1909,NAVYA,ppgmis
1911,RIDDHI,ppgmis
1912,RUHI,ppgmis
1913,AAFIYA,ppgmis
1916,DAKSHITA,ppgmis
1917,SAMAIRA,ppgmis
1918,RAJVI,ppgmis
1919,LAKSHIKA,ppgmis
1920,AAVYA,ppgmis
1922,NESIKA,ppgmis
1923,ISHVI,ppgmis
1924,9561984676,ppgmis
1927,RUDRA,ppgmis
1928,AMAN,ppgmis
1929,RIDAAN,ppgmis
1931,JANAK,ppgmis
1932,DEV,ppgmis
1933,AMISH,ppgmis
1934,RAGHAV,ppgmis
1936,ARYAN,ppgmis
1937,TEJAS,ppgmis
1938,SAI,ppgmis
1939,SHARVIL,ppgmis
1940,HARSHIT,ppgmis
1941,GRANTH,ppgmis
1942,SHIVANSH,ppgmis
1943,VIHAAN,ppgmis
1947,7020602280,ppgmis
1948,REYANSH,ppgmis
1949,OJAS,ppgmis
1950,NISHIT,ppgmis
1951,ARADHYA,ppgmis
1953,NEHAL,ppgmis
1955,SHIVADNYA,ppgmis
1956,VRUDDHI,ppgmis
1957,ANURA,ppgmis
1962,SPRUHA,ppgmis
1963,ARISHA,ppgmis
1964,AYESHA,ppgmis
1968,GAURAV,ppgmis
1969,NIVESH,ppgmis
1970,SAIFUDDIN,ppgmis
1971,VRAJ,ppgmis
1972,SANJH,ppgmis
1973,VEDANT,ppgmis
1975,AARSH,ppgmis
1976,UJJWAL,ppgmis
1977,ADHIRAJ,ppgmis
1978,ARNAV,ppgmis
1979,JIYANSH,ppgmis
1982,7769950997,ppgmis
1983,MANAS,ppgmis
1985,NARENDRA,ppgmis
1986,SARTHAK,ppgmis
1987,SARTHAK,ppgmis
1988,VISHWAJEET,ppgmis
1990,ABHISHEK,ppgmis
1991,RAJVEER,ppgmis
1992,ANAYA,ppgmis
1993,BARNALI,ppgmis
1994,DIA,ppgmis
1996,SHANVI,ppgmis
1997,TANUSHREE,ppgmis
1998,DURVA,ppgmis
1999,SHREESHA,ppgmis
2000,SHRITI,ppgmis
2001,PARNIKA,ppgmis
2002,SHAMBAVI,ppgmis
2003,MAHIMA,ppgmis
2004,GAURI,ppgmis
2005,ASHMI,ppgmis
2007,AMAY,ppgmis
2009,ARAM,ppgmis
2010,SHAURAY,ppgmis
2011,8104067206,ppgmis
2012,VARAD,ppgmis
2015,ARNAV,ppgmis
2016,RUTVIL,ppgmis
2017,ADISH,ppgmis
2018,"SAHIL KUMAR",ppgmis
2019,VED,ppgmis
2022,ADITYA,ppgmis
2023,9834518530,ppgmis
2024,9420055866,ppgmis
2026,ARUSH,ppgmis
2027,VIHAAN,ppgmis
2028,VEDANSH,ppgmis
2029,"MOHD. REHAN",ppgmis
2030,SHAURYA,ppgmis
2031,SAKSHI,ppgmis
2032,SHREYA,ppgmis
2033,TRISHNA,ppgmis
2035,AADHYA,ppgmis
2036,AIZA,ppgmis
2037,PRAVINYA,ppgmis
2038,SWARA,ppgmis
2039,VEDANSHI,ppgmis
2041,PRAVI,ppgmis
2043,ZARAH,ppgmis
2045,"SAMRUDDHI SHINDE",ppgmis
2046,SAUMYA,ppgmis
2047,ADVIK,ppgmis
2048,SHREEYAN,ppgmis
2049,AABHASH,ppgmis
2050,SAVIRAJ,ppgmis
2051,REET,ppgmis
2052,SHREYANSH,ppgmis
2053,NAVEEN,ppgmis
2054,ASIM,ppgmis
2055,KRITHIK,ppgmis
2056,PARV,ppgmis
2057,RIYAN,ppgmis
2058,UTKARSH,ppgmis
2059,SAMARTH,ppgmis
2060,DAKSH,ppgmis
2062,AARYA,ppgmis
2064,AKSHAT,ppgmis
2065,SAIFUDDIN,ppgmis
2066,JANVI,ppgmis
2067,SUDIPA,ppgmis
2068,"SURAJ SINGH",ppgmis
2069,TANVI,ppgmis
2070,ANSHIKA,ppgmis
2071,VAISHNAVI,ppgmis
2075,NISHTHA,ppgmis
2076,BAREERA,ppgmis
2077,ISHITA,ppgmis
2078,ADITI,ppgmis
2081,RAJVI,ppgmis
2082,SAGRIKA,ppgmis
2083,DHRUVI,ppgmis
2084,AARAV,ppgmis
2086,SIDDHANT,ppgmis
2089,SWAPNIL,ppgmis
2090,SHIVANSH,ppgmis
2092,SHAURY,ppgmis
2093,SAARTH,ppgmis
2094,TRISHAN,ppgmis
2095,ANSH,ppgmis
2096,SAMYAK,ppgmis
2097,ABHINAV,ppgmis
2098,"SHRAVAN VAZARKAR",ppgmis
2099,ABAAN,ppgmis
2100,NITYAM,ppgmis
2101,AYUSH,ppgmis
2102,"NAKSH KUMAR",ppgmis
2103,SAMIKSHA,ppgmis
2104,NITIN,ppgmis
2105,SWARA,ppgmis
2106,RIDDHI,ppgmis
2107,KRUTIKA,ppgmis
2108,PRINKAL,ppgmis
2109,DAKSHITA,ppgmis
2110,AVANI,ppgmis
2111,PRIYANTA,ppgmis
2112,ISHAANI,ppgmis
2113,JEENIYA,ppgmis
2114,BHUMI,ppgmis
2115,AANVI,ppgmis
2116,ARYASHREE,ppgmis
2118,"PAAYAL OSWAL",ppgmis
2119,NUTAN,ppgmis
2120,SHREYASH,ppgmis
2121,MEHUL,ppgmis
2125,ARYAN,ppgmis
2126,SIDDHANT,ppgmis
2127,"VED PRATAP",ppgmis
2129,AAYANSH,ppgmis
2131,JAY,ppgmis
2132,VEDANT,ppgmis
2133,MAYAN,ppgmis
2134,RISHABH,ppgmis
2135,ZIAN,ppgmis
2137,AADHYA,ppgmis
2138,ARPITA,ppgmis
2139,MISHTHI,ppgmis
2140,AAROHI,ppgmis
2143,ANISHU,ppgmis
2144,AARADHYA,ppgmis
2145,OVI,ppgmis
2146,NISHI,ppgmis
2147,SWARA,ppgmis
2148,ALVINA,ppgmis
2149,TANISKHA,ppgmis
2150,LIKHITH,ppgmis
2152,RUDRA,ppgmis
2153,ADITYA,ppgmis
2154,PADMA,ppgmis
2155,ADITYA,ppgmis
2156,DEVANSH,ppgmis
2157,DHRUV,ppgmis
2158,ARYAN,ppgmis
2159,ANURAG,ppgmis
2160,SAMAR,ppgmis
2161,DARSH,ppgmis
2162,VEDANT,ppgmis
2166,KAVYANJALI,ppgmis
2167,SHUBHRA,ppgmis
2168,ARUSHI,ppgmis
2169,KIYO,ppgmis
2172,PRASHITI,ppgmis
2174,ZOHIA,ppgmis
2175,KRISHNAPRIYA,ppgmis
2176,ALEENA,ppgmis
2177,TRISHA,ppgmis
2178,PRISHA,ppgmis
2179,DIKSHA,ppgmis
2180,ANSHIKA,ppgmis
2181,OMEE,ppgmis
2183,SWARA,ppgmis
2185,SHUBHRA,ppgmis
2186,DHRUVA,ppgmis
2187,TANAY,ppgmis
2188,SHRAVAN,ppgmis
2189,DHRUV,ppgmis
2191,SONIT,ppgmis
2192,HIMANSHU,ppgmis
2193,SHLOK,ppgmis
2194,KALASH,ppgmis
2195,RAJVEER,ppgmis
2196,HRISHIKESH,ppgmis
2197,YUSUF,ppgmis
2198,SAIRAJ,ppgmis
2199,MONIS,ppgmis
2202,SUMESH,ppgmis
2203,"JAIVARDHAN SINGH",ppgmis
2204,MOHAMMAD,ppgmis
2205,PRANAVPURI,ppgmis
2207,NIRAV,ppgmis
2209,TANISHKA,ppgmis
2210,VAISHNAVI,ppgmis
2212,9158719173,ppgmis
2213,AARADHYA,ppgmis
2214,PRISHA,ppgmis
2215,TITHI,ppgmis
2216,9423530240,ppgmis
2217,TAQDEES,ppgmis
2219,9765294075,ppgmis
2220,9766524030,ppgmis
2221,9924362854,ppgmis
2223,SAKSHIKUMARI,ppgmis
2224,DIVYANSHI,ppgmis
2225,NIRALI,ppgmis
2226,SWARA,ppgmis
2227,SAMIKSHA,ppgmis
2230,9823007149,ppgmis
2231,LAKSH,ppgmis
2233,OM,ppgmis
2235,ANSH,ppgmis
2236,7066715512,ppgmis
2237,VIHAN,ppgmis
2238,ADHIRAJ,ppgmis
2239,9373414549,ppgmis
2240,9172649829,ppgmis
2241,9145030170,ppgmis
2243,DHRUV,ppgmis
2244,PRANIT,ppgmis
2246,SARTHAK,ppgmis
2247,8983576297,ppgmis
2248,SWARAJ,ppgmis
2249,9763027835,ppgmis
2250,SIDDHANT,ppgmis
2251,9370089660,ppgmis
2252,ANSH,ppgmis
2253,NAKSH,ppgmis
2255,SARVESHA,ppgmis
2256,GAYTRI,ppgmis
2257,SIYA,ppgmis
2258,RIYA,ppgmis
2259,TANISHKA,ppgmis
2260,8969917655,ppgmis
2262,SANIDHYA,ppgmis
2263,AYUSH,ppgmis
2264,OJAS,ppgmis
2265,PRITAM,ppgmis
2266,AMEEN,ppgmis
2268,"SHREYANSH SALUNKHE",ppgmis
2269,ARJUN,ppgmis
2270,VARUN,ppgmis
2272,PRASANNA,ppgmis
2273,"ANUSHKA YADAV",ppgmis
2274,"YASH THAKKAR",ppgmis
2275,"HATIM TIMBAWALA",ppgmis
2276,"DHRUV RASTOGI",ppgmis
2277,"SAUD KARJIKAR",ppgmis
2278,"ASAD KARJIKAR",ppgmis
2279,"MOHAMMAD SAAD BEDEKAR",ppgmis
2280,"AONKIT PAL",ppgmis
2301,DHIAAN,ppgmis
2305,AARNA,ppgmis
2312,PRATHAMESH,ppgmis
2313,VIDHANSHI,ppgmis
2321,LAKSHIT,ppgmis
2323,YUVRAJ,ppgmis
2326,8698557478,ppgmis
2327,8669116656,ppgmis
2328,SAIRA,ppgmis
2329,"MEET OSWAL",ppgmis
2333,"YUVAAN OSWAL",ppgmis
2341,9209204145,ppgmis
2344,ANUSHREE,ppgmis
2345,RIYANSHI,ppgmis
2347,9860237583,ppgmis
2348,SMITH,ppgmis
2354,9049052677,ppgmis
2355,ASHITOSH,ppgmis
2356,8983893808,ppgmis
2357,9823900445,ppgmis
2358,9702841973,ppgmis
2359,8237736751,ppgmis
2360,8407971147,ppgmis
2361,7083194048,ppgmis
2362,7757082862,ppgmis
2363,7353040001,ppgmis
2364,9834353170,ppgmis
2365,7066628375,ppgmis
2366,7020039163,ppgmis
2367,9823066743,ppgmis
2368,8412005704,ppgmis
2369,9579341597,ppgmis
2370,8446169129,ppgmis
2371,9657072345,ppgmis
2372,9172478970,ppgmis
2373,9604750000,ppgmis
2374,7387324701,ppgmis
2375,7020800889,ppgmis
2376,8668454277,ppgmis
2378,9021294224,ppgmis
2379,9823197294,ppgmis
2380,KIYUSHKA,ppgmis
2381,7020179056,ppgmis
2382,SHUBHAM,ppgmis
2383,DAKSH,ppgmis
2384,8668216413,ppgmis
2385,RAJVEER,ppgmis
2386,SHIVANSH,ppgmis
2388,AVIR,ppgmis
2389,SHRISHA,ppgmis
2390,TRISHA,ppgmis
2391,8446461800,ppgmis
2392,PRATISHTHA,ppgmis
2393,SMARAN,ppgmis
2394,HETIKA,ppgmis
2395,8793992331,ppgmis
2396,PRAHI,ppgmis
2397,ATHARVA,ppgmis
2398,AGATYA,ppgmis
2399,9356054772,ppgmis
2402,"SAKSHAM KUMAR",ppgmis
2404,8530510953,ppgmis
2405,VIHAN,ppgmis
2406,8299583845,ppgmis
2407,7498508387,ppgmis
2408,9004786342,ppgmis
2409,9503148844,ppgmis
2410,9021989105,ppgmis
2411,9757314641,ppgmis
2412,8087867252,ppgmis
2413,ANIKA,ppgmis
2414,SANVI,ppgmis
2415,9561579179,ppgmis
2416,8369892663,ppgmis
2417,MAYRA,ppgmis
2418,"ASEEMJOT MAAN",ppgmis
2419,"VAANIPREET KAUR",ppgmis
2422,9834261516,ppgmis
2424,RUDRA,ppgmis
2425,8087887750,ppgmis
2426,7499100802,ppgmis
2427,"MUHAMMAD MUSTAFA",ppgmis
2429,SHLOK,ppgmis
2430,7262916476,ppgmis
2431,SAISH,ppgmis
2432,AARADHYA,ppgmis
2433,9850534749,ppgmis
2434,9029379794,ppgmis
2436,9766705670,ppgmis
2437,RUSHI,ppgmis
2438,DIVYANT,ppgmis
2439,8605970814,ppgmis
2440,TEJASWINI,ppgmis
2441,"SANVI RANE",ppgmis
2442,AARVI,ppgmis
2443,ABHIKANSH,ppgmis
2444,8380074020,ppgmis
2445,8446292696,ppgmis
2446,ALI,ppgmis
2447,8140946342,ppgmis
2448,PARTH,ppgmis
2449,SWARAJ,ppgmis
2450,DEVIK,ppgmis
2451,SAMAYRA,ppgmis
2452,NEEL,ppgmis
2453,9730446264,ppgmis
2454,7038294040,ppgmis
2455,9975234143,ppgmis
2456,9970507085,ppgmis
2457,9359309044,ppgmis
2458,9545218953,ppgmis
2459,9145235256,ppgmis
2460,AYURA,ppgmis
2461,"SWAYAM SHINDE",ppgmis
2462,"AASAWARI DESHMUKH",ppgmis
2463,9326033624,ppgmis
2464,VEDANSHI,ppgmis
2465,TEJASWINI,ppgmis
2466,8698626667,ppgmis
2467,ANSHUMAN,ppgmis
2468,SPARSH,ppgmis
2469,9623209237,ppgmis
2470,NEEL,ppgmis
2471,PRISHA,ppgmis
2472,8459277057,ppgmis
2473,AMEY,ppgmis
2474,7447446885,ppgmis
2475,9172144652,ppgmis
2476,8446439912,ppgmis
2477,8200861318,ppgmis
2478,JHANISH,ppgmis
2479,ARHAM,ppgmis
2480,AAROHI,ppgmis
2481,9923734167,ppgmis
2482,9765422333,ppgmis
2483,AARAV,ppgmis
2484,JIVANSH,ppgmis
2485,9158655028,ppgmis
2486,7385089602,ppgmis
2487,SAANVI,ppgmis
2488,SOHAM,ppgmis
2489,9029201222/9121514246,ppgmis
2490,"KARTHIK SAI CHOPPARAPU",ppgmis
2491,HARSHITA,ppgmis
2493,9145030170,ppgmis
2494,8779529331,ppgmis
2495,"SOHAM KOLHE",ppgmis
2496,"KAIVALYA PATIL",ppgmis
2498,SHLOKA,ppgmis
2500,AYUSH,ppgmis
2501,SHLOK,ppgmis
2502,9356279635,ppgmis
2503,ANVAY,ppgmis
2505,JISHNA,ppgmis
2506,VEDANT,ppgmis
2507,SNITHIK,ppgmis
2508,8446864746,ppgmis
2509,8805788064,ppgmis
2510,RAJVIR,ppgmis
2511,8080881559,ppgmis
2512,MUNTAHA,ppgmis
2513,ANVI,ppgmis
2514,SIYA,ppgmis
2515,OJASWI,ppgmis
2516,SHRAVANI,ppgmis
2517,SHAURYAA,ppgmis
2518,8010771062,ppgmis
2520,SAI,ppgmis
2521,9552618100,ppgmis
2522,9960779445,ppgmis
2523,SNIYA,ppgmis
2524,RADHIKA,ppgmis
2525,ANVIT,ppgmis
2526,8698614984,ppgmis
2530,9356591165,ppgmis
2531,9978927758,ppgmis
2532,AARYA,ppgmis
2533,"SIDDHANT KUMAR",ppgmis
2534,ANVIKA,ppgmis
2535,7817927951,ppgmis
2538,8999792013,ppgmis
2539,SHIVAM,ppgmis
2540,SNEHAL,ppgmis
2541,PRATIK,ppgmis
2542,DRITI,ppgmis
2543,ARADHANA,ppgmis
2545,LAVESH,ppgmis
2546,KETAKI,ppgmis
2547,SAMBODHI,ppgmis
2548,"SAHIL SHAIKH",ppgmis
2551,"MOHAMMAD YUSUF",ppgmis
2552,SALWA,ppgmis
2553,9356981191,ppgmis
2554,HARSHADA,ppgmis
2555,HUSAIN,ppgmis
2557,YUG,ppgmis
2558,8928871394,ppgmis
2559,VIBHAVARI,ppgmis
2560,URVI,ppgmis
2562,VEDANT,ppgmis
2563,"SIDDHANT DESHMUKH",ppgmis
2565,ANSH,ppgmis
2566,SAI,ppgmis
2567,PARIJA,ppgmis
2568,HIMANI,ppgmis
2569,HARSHITA,ppgmis
2570,9860778706,ppgmis
2571,ISHAN,ppgmis
2572,8109471147,ppgmis
2575,DARSH,ppgmis
2576,HAMDAN,ppgmis
2578,9922674264,ppgmis
2579,9922484619,ppgmis
2580,7768987745,ppgmis
2581,8623955000,ppgmis
2584,SHIVAM,ppgmis
2585,9623138793,ppgmis
2586,7057482144,ppgmis
2587,DARSH,ppgmis
2588,8329053421,ppgmis
2590,SHARVIL,ppgmis
2591,"AYUSH KUMAR SINGH",ppgmis
2592,8097268083,ppgmis
2593,NIHIT,ppgmis
2594,AVNEESH,ppgmis
2595,9423822750,ppgmis
2597,MISHA,ppgmis
2598,KIRAN,ppgmis
2599,RITIKA,ppgmis
2600,7972782662,ppgmis
2601,9209191910,ppgmis
2602,9561003762,ppgmis
2604,"KANCHAN SHARMA",ppgmis
2605,SHRIYANSH,ppgmis
2606,8010085927,ppgmis
2607,TANVI,ppgmis
2611,7758808805,ppgmis
2612,9975384135,ppgmis
2613,9309576429,ppgmis
2614,JANVI,ppgmis
2616,"J.S RAJNANDINI",ppgmis
2617,SHRIYANSH,ppgmis
2618,9604449734,ppgmis
2619,9892272744,ppgmis
2620,NEEL,ppgmis
2622,VRUSHIKA,ppgmis
2623,8446666826,ppgmis
2625,AARHAN,ppgmis
2626,VED,ppgmis
2627,AKSHITA,ppgmis
2629,7028115675,ppgmis
2632,SAYUJYA,ppgmis
2633,PRASHIKA,ppgmis
2634,SANSKRITI,ppgmis
2635,ANAYA,ppgmis
2636,8237987582,ppgmis
2637,8237210706,ppgmis
2638,YASHVARDHAN,ppgmis
2639,SHAARVIL,ppgmis
2640,7378487743,ppgmis
2641,GARVIK,ppgmis
2642,9209467698,ppgmis
2643,9511213720,ppgmis
2644,VIRIKA,ppgmis
2645,7350430377,ppgmis
2646,HIYAAN,ppgmis
2647,9670841743,ppgmis
2648,8830844775,ppgmis
2649,VIHAAN,ppgmis
2650,ABDULLA,ppgmis
2651,7768884356,ppgmis
2652,9305791103,ppgmis
2653,9822819150,ppgmis
2654,9139423213,ppgmis
2655,RISHANK,ppgmis
2657,TRISHA,ppgmis
2659,"ARYA ATUL GOLAIT",ppgmis
2660,SHUBHRA,ppgmis
2662,"VARAD ANIL SAWANT",ppgmis
2663,MYTHILI,ppgmis
2664,DIVYANSH,ppgmis
2665,VEERA,ppgmis
2666,"SATAVIK MAHADEV",ppgmis
2667,ARUSH,ppgmis
2668,MUGDHA,ppgmis
2669,"ABDUL HANNAN",ppgmis
2670,7447861199,ppgmis
2671,RAYAN,ppgmis
2672,ANVIT,ppgmis
2673,ISMAIL,ppgmis
2674,ADVAYA,ppgmis
2675,DARSHAN,ppgmis
2676,TARUNESH,ppgmis
2677,HITANSH,ppgmis
2678,PRAJAKTA,ppgmis
2679,7517011317,ppgmis
2680,"PRAGATO ROY",ppgmis
2681,OVEE,ppgmis
2682,"SRUTHA KEERTHI",ppgmis
2683,"ZUNAIRA JAVIDAHMAD JAMADAR",ppgmis
2684,SHIVANSH,ppgmis
2685,SALMAN,ppgmis
2686,VIRAJ,ppgmis
2687,NITA,ppgmis
2688,ARYAL,ppgmis
2689,ARAV,ppgmis
2690,9764871890,ppgmis
2691,MIHIT,ppgmis
2692,JIYA,ppgmis
2694,SAEE,ppgmis
2695,SHREESH,ppgmis
2696,8459632450,ppgmis
2697,KIYANSH,ppgmis
2698,VIHANSHI,ppgmis
2699,KARTIK,ppgmis
2700,MAAHIR,ppgmis
2701,ANVI,ppgmis
2703,ABHIMANYU,ppgmis
2704,9175118066,ppgmis
2705,RIDDHI,ppgmis
2706,SIRISHA,ppgmis
2707,"KARUNYAKEERTHI. S",ppgmis
2708,AMAIRA,ppgmis
2709,NIYANSH,ppgmis
2710,ADHIRA,ppgmis
2711,SHASHVATI,ppgmis
2712,"AARADHYA PRAFUL SUNKARWAR",ppgmis
2713,AAYUSH,ppgmis
2714,KRUSHNA,ppgmis
2715,SUKANYA,ppgmis
2716,8010670184,ppgmis
2717,AGRIM,ppgmis
2718,9404711451,ppgmis
2719,MARIYAM,ppgmis
2720,ANURAG,ppgmis
2721,VEDA,ppgmis
2723,8982799545,ppgmis
2724,SWARA,ppgmis
2725,SAISHA,ppgmis
2726,ANANYA,ppgmis
2727,AKRITI,ppgmis
2728,9356374982,ppgmis
2729,8767279724,ppgmis
2730,8767279724,ppgmis
2731,ASHVED,ppgmis
2732,REETUPARNA,ppgmis
2733,SHIVANYA,ppgmis
2734,9022256736,ppgmis
2735,DAKSH,ppgmis
2736,VEERA,ppgmis
2737,ADVED,ppgmis
2738,9096967652,ppgmis
2740,ADVAY,ppgmis
2741,MRUNMAYI,ppgmis
2742,VEDANT,ppgmis
2743,RAGHAV,ppgmis
2744,VIRAJ,ppgmis
2745,AARAV,ppgmis
2746,"ADITI RAJKUMAR  KENDRE",ppgmis
2747,TASMAY,ppgmis
2748,ANANYA,ppgmis
2749,"ALAN BENNY",ppgmis
2750,KRITIKA,ppgmis
2751,LISHAN,ppgmis
2752,DEEPTANSHU,ppgmis
2753,"SIFAT KAUR",ppgmis
2754,7745024809,ppgmis
2755,7745024809,ppgmis
2756,VISHWA,ppgmis
2757,TRISHA,ppgmis
2758,"MINAL MEHMOOD JALGAONKAR",ppgmis
2759,8879384170,ppgmis
2760,RIYANSHI,ppgmis
2761,SHLOK,ppgmis
2762,OVI,ppgmis
2763,SHRIYAN,ppgmis
2764,ARNA,ppgmis
2765,MANYA,ppgmis
2766,"SAMARPREET SINGH",ppgmis
2767,VEDANT,ppgmis
2769,ARYAN,ppgmis
2770,"ANKIT ANIL KELKAR",ppgmis
2771,"ZAAYRA IMROZ",ppgmis
2772,SHRESHTHAV,ppgmis
2773,ANANYA,ppgmis
2774,VEDANT,ppgmis
2775,NIYANSH,ppgmis
2776,SAMBODHI,ppgmis
2777,MAHENOOR,ppgmis
2778,MAHERA,ppgmis
2779,ZEENAT,ppgmis
2780,9975775069,ppgmis
2781,"VIHAA MUKESH JAIN",ppgmis
2783,NAINIKA,ppgmis
2784,PRACHI,ppgmis
2785,"SWAYAM SUMIT GAIKWAD",ppgmis
2786,HIRANYA,ppgmis
2787,ADHAVIKA,ppgmis
2788,8169591116,ppgmis
2789,8424054461,ppgmis
2790,SHRIYOG,ppgmis
2791,SHAURYA,ppgmis
2792,"SWARA PRAMOD BORDE",ppgmis
2794,SHANI,ppgmis
2795,ARYAN,ppgmis
2796,SATVIK,ppgmis
2797,SHRIJA,ppgmis
2798,SANYAMI,ppgmis
2799,SHRAVYA,ppgmis
2800,YUVANSH,ppgmis
2801,LAVANYA,ppgmis
2802,MUGDHA,ppgmis
2803,RIYANSH,ppgmis
2804,NIRVED,ppgmis
2805,DRUSHTI,ppgmis
2807,"KUMKUM KUMARI",ppgmis
2808,"ATIT KUMAR",ppgmis
2809,SWARANSH,ppgmis
2810,NARENDRA,ppgmis
2811,"KALPESH KUMAR",ppgmis
2812,VEDANT,ppgmis
2813,SHAKYA,ppgmis
2814,SANCHI,ppgmis
2815,BHOOMI,ppgmis
2819,YUVAAN,ppgmis
2823,ANANYA,
2827,SPARSH,ppgmis
2829,SHRISHTI,ppgmis
2830,SUHANI,ppgmis
2831,8149493901,ppgmis
2834,ATHARVA,ppgmis
2835,VIHA,ppgmis
2836,NAVYA,ppgmis
2837,SHRIYANSH,ppgmis
2838,TANISHKA,ppgmis
2839,ZEESHAN,ppgmis
2840,MANAS,ppgmis
2841,HITANSHU,ppgmis
2842,ADHIROH,ppgmis
2843,SHRINIDDHI,ppgmis
2844,PRIYANGI,ppgmis
2845,AARUSH,ppgmis
2846,GARGI,ppgmis
2847,GREHA,ppgmis
2848,ASHWINI,ppgmis
2849,"PRATYUSH KUMAR",ppgmis
2850,DIVYANI,ppgmis
2851,BHOOMIJA,ppgmis
2852,YUVRAJ,ppgmis
2853,"SURYA PRATAP SINGH",ppgmis
2854,MAYRA,ppgmis
2855,"AARUSH KUMAR",ppgmis
2856,"PRASHANT KUMAR",ppgmis
2857,ARADHYA,ppgmis
2858,AYUSH,ppgmis
2859,VAANYA,ppgmis
2860,HEYANSH,ppgmis
2861,ANANYA,ppgmis
