studentID,name,class,old_username,new_username,new_password,status,note
1,"AARVI  KAMBALE","Grade 1 C",AARVI,7350055110,ppgmis,CHANGE,
2,"ABDUL SAMAD MUBIN MOKASHI","Grade 1 C","ABDUL SAMAD",9158409216,ppgmis,CHANGE,
3,"ADHIRAJ ANIL ANIVAR","Grade 1 B",ADHIRAJ,9049098444,ppgmis,CHANGE,
4,"ALIASGER MOHAMMAD KHOPOLIWALA","Grade 1 A",ALIASGER,9960786980-2,ppgmis,CHANGE,"number already used by parents"
5,"ANVI MANESH GURAV","Grade 1 B",ANVI,9028210551-2,ppgmis,CHANGE,"number already used by parents"
6,"ARVI TUSHAR DESHMUKH","Grade 1 A",ARVI,9730630297,ppgmis,CHANGE,
7,"DIVYANSH INDERJEET CHOUDHARY","Grade 1 A",DIVYANSH,8209947840,ppgmis,CHANGE,
8,"JINAAN  PORWAL","Grade 1 C",JINAAN,9987784403,ppgmis,CHANGE,
9,"KRITIKA BALTE YOGESH",REMOVED,9373974227,9373974227,ppgmis,CHANGE,
10,"KRUSHNAVI ANKUSH MANE","Grade 1 C",KRUSHNAVI,8928012502,ppgmis,CHANGE,
12,"REVA GIRISH DIVEKAR","Grade 1 A",REVA,7387908610,ppgmis,CHANGE,
13,"RUDRANSH RATHOD YASHWANT","Grade 1 B","RUDRANSH RATHOD",8263035687,ppgmis,CHANGE,
14,"SANVI  GOKHALE","Grade 1 C",SANVI,9307197150,ppgmis,CHANGE,
16,"SONAKSHI SALUNKHE MAHESH","Grade 1 B","SONAKSHI SALUNKHE",9145070169-2,ppgmis,CHANGE,"number already used by parents"
17,"SHRINITA  MONDAL","Grade 1 C",SHRINITA,7986271788,ppgmis,CHANGE,
18,"SWAR RANJANE KUNAL",REMOVED,8657696291,8657696291,ppgmis,CHANGE,
19,"TAKSH MUKESH KHANDELWAL","Grade 1 B",TAKSH,8007879161,ppgmis,CHANGE,
21,"TAKSH  ZANZAD","Grade 1 C",TAKSH,8605982608,ppgmis,CHANGE,
22,"YASHVI OSWAL SACHIN OSWAL","Grade 1 A","YASHVI OSWAL",7719839345-2,ppgmis,CHANGE,"number already used by parents"
23,"YUVRAAJ SANKET BHOSALE","Grade 1 A",YUVRAAJ,7498508387,ppgmis,CHANGE,
24,"ZUBAIR KHAN ASIF KHAN","Grade 1 A","ZUBAIR KHAN",9892184186-2,ppgmis,CHANGE,"number already used by parents"
26,"JANHVI  PATIL","Grade 1 C",JANHVI,7507375828,ppgmis,CHANGE,
27,"VIDHI  BAILMARE","Grade 1 C",VIDHI,7666077829,ppgmis,CHANGE,
28,"SARTHAK SANDESH BELOSE","Grade 1 A",SARTHAK,7387774961,ppgmis,CHANGE,
29,"AAYUSH YOGENDRA YADAV","Grade 1 B",AAYUSH,9021008238,ppgmis,CHANGE,
30,"Kinjal Suraj Dalvi","Grade 2 C",KINJAL,9920082855,ppgmis,CHANGE,
31,"Ashita Ashish Supe","Grade 2 C",ASHITA,9960066543,ppgmis,CHANGE,
33,"Nairiti Prasad Kadam","Grade 2 C",NAIRITI,9987054437,ppgmis,CHANGE,
34,"Hindavi Tushar Deshmukh","Grade 2 A",HINDAVI,9511213720,ppgmis,CHANGE,
35,"Reetika Ratikanta Panda","Grade 2 B",REETIKA,8626041190,ppgmis,CHANGE,
36,"Anvi Rakesh Vichare","Grade 2 C",ANVI,8830796132,ppgmis,CHANGE,
37,"Amaya Mayur Retrekar","Grade 2 B",AMAYA,9960779445,ppgmis,CHANGE,
38,"Saanj Nitesh Patil","Grade 2 B",SAANJ,9168993255,ppgmis,CHANGE,
39,"Priyanshi Manoj Pawar","Grade 2 B",PRIYANSHI,9607602119,ppgmis,CHANGE,
40,"Snehal Bhima More","Grade 2 A",SNEHAL,7507743804,ppgmis,CHANGE,
41,"Advika Deepak Gaikwad","Grade 2 B",ADVIKA,8879384170,ppgmis,CHANGE,
42,"Meera Rupesh Farat","Grade 2 B",MEERA,9765814180,ppgmis,CHANGE,
45,"Devashree Anil Mahadik","Grade 2 A",DEVASHREE,8806935187,ppgmis,CHANGE,
46,"Sahili Gajanan Pawar","Grade 2 A",SAHILI,9527797580,ppgmis,CHANGE,
47,"Shreeraj Pratik Dalvi","Grade 2 B",SHREERAJ,8983234650,ppgmis,CHANGE,
48,"Malhar Sameer Masurkar","Grade 2 B",MALHAR,7758808805-2,ppgmis,CHANGE,"number already used by parents"
49,"Atharv Rahul Patel","Grade 2 B",ATHARV,8793061239,ppgmis,CHANGE,
50,"Jivesh Abhay Kadam","Grade 2 A",JIVESH,8830590201,ppgmis,CHANGE,
51,"Sparsh Avinash Sawant","Grade 2 A",SPARSH,9892939730,ppgmis,CHANGE,
53,"Kapilesh Sachin Patil","Grade 2 B",KAPILESH,7775839327,ppgmis,CHANGE,
54,"Mihaan Rohit Gaikwad","Grade 2 B",MIHAAN,8554821888-2,ppgmis,CHANGE,"number already used by parents"
56,"VED GANESH TAMBADE","Grade 2 C",VED,9359255507,ppgmis,CHANGE,
58,"Ansh Milind Gothal","Grade 2 A",ANSH,7709390553,ppgmis,CHANGE,
59,"SMEET MAANAS KHARAT",REMOVED,SMEET,8956686377,ppgmis,CHANGE,
60,"Vaibhav Dipesh Rathod","Grade 2 A",VAIBHAV,9049193008,ppgmis,CHANGE,
61,"DAKSH CHANDRAKANT SATHE","Grade 2 C",DAKSH,9765294303,ppgmis,CHANGE,
62,"Kiyansh Ankit Parmar","Grade 2 C",KIYANSH,9823910006,ppgmis,CHANGE,
64,"Adhvik Niraj kumar Dwivedi","Grade 2 B",ADHVIK,9881620226,ppgmis,CHANGE,
65,"Durvesh Manesh Gurav","Grade 2 A",DURVESH,9028210551-3,ppgmis,CHANGE,"number already used by parents"
66,"Harshit Sandeep Patil","Grade 2 B",HARSHIT,7420097132,ppgmis,CHANGE,
67,"Trisha Pravin Thombare","Grade 2 A",TRISHA,8380870206-2,ppgmis,CHANGE,"number already used by parents"
68,"Vidit Vinod More","Grade 2 B",VIDIT,8805325879,ppgmis,CHANGE,
69,"Anshika Rahul Bhor","Grade 2 C",ANSHIKA,8830844775,ppgmis,CHANGE,
70,"Mishti Mitesh Shah","Grade 2 A",MISHTI,8796557272,ppgmis,CHANGE,
71,"Aarohi Amar Malbari","Grade 2 C",AAROHI,8087578155,ppgmis,CHANGE,
72,"UMAR NADEEM SHAIKH","Grade 1 A",UMAR,9923558614,ppgmis,CHANGE,
73,"Priyesh Shreekant Nalawade","Grade 2 C",PRIYESH,9356637165,ppgmis,CHANGE,
74,"Manikarnika Ganesh Patil","Grade 2 B",MANIKARNIKA,9867790407,ppgmis,CHANGE,
75,"Tejeshv Rajesh Thakur","Grade 2 A",TEJESHV,9767208121,ppgmis,CHANGE,
76,"Shivai Yogesh Patil","Grade 2 A",SHIVAI,9145416933,ppgmis,CHANGE,
77,"Ayansh Vijay Shelar","Grade 2 A",AYANSH,9923421922,ppgmis,CHANGE,
78,"Riya Sachin Kumbhar","Grade 2 A",RIYA,8308311047,ppgmis,CHANGE,
79,"Rajveer Chetan Telange","Grade 2 B",RAJVEER,9595976500,ppgmis,CHANGE,
80,"SHRISHA KRISHNAKUMAR JAISWARA KRISHNAKUMAR",REMOVED,7350012826,7350012826,ppgmis,CHANGE,
82,"Ridhaan Rohit Gaikwad","Grade 2 B",RIDHAAN,8554821888-3,ppgmis,CHANGE,"number already used by parents"
83,"PRATYUSH PRASHANT  KUMAR PATNAIK","Grade 2 C",PRATYUSH,9766524030,ppgmis,CHANGE,
84,"Saifulla Asif Khan","Grade 2 C",SAIFULLA,9892184186-3,ppgmis,CHANGE,"number already used by parents"
86,"Anvik Prashant Nile","Grade 2 C",ANVIK,8108333144,ppgmis,CHANGE,
87,"Dhruv Pralhad Patil","Grade 2 A",DHRUV,9518319923,ppgmis,CHANGE,
88,"ARNAV MAHESH SALUNKHE","Grade 2 C",ARNAV,9145070169-3,ppgmis,CHANGE,"number already used by parents"
90,"Adwita Rajesh Patil","Grade 2 B",ADWITA,9637243637,ppgmis,CHANGE,
91,"Manya Piyush Oswal","Grade 2 C",MANYA,7517011317,ppgmis,CHANGE,
92,"Shruti Sushant Masane","Grade 2 A",SHRUTI,8767361035,ppgmis,CHANGE,
93,"Harsh Rohit Magar","Grade 2 C",HARSH,9890462442,ppgmis,CHANGE,
95,"Ansh Manish Gawade","Grade 2 C",ANSH,9623370178,ppgmis,CHANGE,
96,"Adriti Om Prakash","Grade 2 C",ADRITI,7759983074-2,ppgmis,CHANGE,"number already used by parents"
97,"ABHINANDAN ANAY Anay YADAV",REMOVED,8708970995,8708970995-2,ppgmis,CHANGE,"number already used by teacher"
98,"Priyanshikumari Rajib Prasad Sah","Grade 2 C",PRIYANSHIKUMARI,7908619740,ppgmis,CHANGE,
99,"Soumitra Ashish More","Grade 2 C",SOUMITRA,9657997041,ppgmis,CHANGE,
446,"Ayesha Ibrahim Mulla","Grade 10",9130779656,9130779656,ppgmis,CHANGE,
448,"Nandini Bansidhar Yadav","Grade 10","74999 85225",7499985225,ppgmis,CHANGE,
454,"Yash Sunil Bhosale","Grade 10",9766543547,9766543547,ppgmis,CHANGE,
455,"Pawan Ambaji Dhumane","Grade 10",9158719173,9158719173,ppgmis,CHANGE,
456,"Parv Nitesh Majethia","Grade 10",9834932373,9834932373-2,ppgmis,CHANGE,"number already used by parents"
458,"Safwan Hanif Mulla","Grade 10",8087862079,8087862079,ppgmis,CHANGE,
460,"Pragyaan Pankaj Tiwari","Grade 10",7219116811,7219116811,ppgmis,CHANGE,
461,"MOHAMMAD ZAINUL  AABIDIN","Grade 10","MOHAMMAD ZAINUL",8956997435,ppgmis,CHANGE,
462,"Varad Jayesh Mhatre","Grade 10",7276497160,7276497160,ppgmis,CHANGE,
463,"Lakshya Vijay Suryawanshi","Grade 10",LAKSHYA,8269741558,ppgmis,CHANGE,
468,"Srujan Shrikant Das","Grade 2 A",SRUJAN,7769877886,ppgmis,CHANGE,
472,"Malhar Siddhesh Kumbhar","PREP 2 B",9021455390,9021455390,ppgmis,CHANGE,
473,"Nirvi Nilesh Jadhav","PREP 1 B",9137819383,9137819383,ppgmis,CHANGE,
474,"Viyaan Sanket Porwal","PREP 2 A",9146946757,9146946757,ppgmis,CHANGE,
475,"SHALV SAGAR NANDE","Grade 1 A",SHALV,8149203704,ppgmis,CHANGE,
476,"SURUCHI RUPESH MANGULKAR","Grade 1 A",SURUCHI,9960292556,ppgmis,CHANGE,
477,"RUAANSH PRATHAMESH BELOTE","Grade 1 A",RUAANSH,7775896204,ppgmis,CHANGE,
478,"DHRUVI GURAV PRASHANT",REMOVED,7378980837,7378980837,ppgmis,CHANGE,
479,"DIVYANSHI KUMARI ARJUN","Grade 1 B","DIVYANSHI KUMARI",8087867252-2,ppgmis,CHANGE,"number already used by parents"
480,"GARGEE SHRIKANT KHEDKAR","Grade 1 B",GARGEE,9326442298,ppgmis,CHANGE,
481,"GURURAJ NITIN PAWAR","Grade 1 B",GURURAJ,9595352220,ppgmis,CHANGE,
482,"TANISH JAYESH SARPHALE","Grade 1 C",TANISH,8007462742-2,ppgmis,CHANGE,"number already used by parents"
483,"DEVANSH SANTOSH DESHMUKH","Grade 3 A",DEVANSH,8237101680,ppgmis,CHANGE,
484,"TRISHA PANDEY AMIT","Grade 1 B","TRISHA PANDEY",9234709476,ppgmis,CHANGE,
485,"VIHAAN  SHETTY","Grade 1 C",VIHAAN,9561328556,ppgmis,CHANGE,
486,"ANANYA  YADAV","Grade 1 C",ANANYA,8806414144,ppgmis,CHANGE,
487,"AVADHOOT PATIL LUNESH",REMOVED,8082649632,8082649632,ppgmis,CHANGE,
488,"MAHI SATYAJIT DESHMUKH","Grade 1 A",MAHI,8668793626,ppgmis,CHANGE,
489,"TRISHA  SURVE","Grade 1 C",TRISHA,9325569437,ppgmis,CHANGE,
490,"AARAV MAHAJAN PANKAJ",REMOVED,"AARAV MAHAJAN",8459852665,ppgmis,CHANGE,
491,"RISHABH PRASHANT YADAV","Grade 1 C",RISHABH,9335262653,ppgmis,CHANGE,
493,"URVI THAKEKAR YOGESH","Grade 1 B","URVI THAKEKAR",8806261848,ppgmis,CHANGE,
494,"PURVISHA ATUL MAHAJAN","Grade 1 A",PURVISHA,9179158772,ppgmis,CHANGE,
495,"KIA PORWAL ROHIT","Grade 1 B","KIA PORWAL",9762363712,ppgmis,CHANGE,
496,"KASTURI GANESH PALANDE","Grade 1 A",KASTURI,8087384707,ppgmis,CHANGE,
497,"ANAV VIJAY SHUKLA","Grade 1 A",ANAV,7897358856,ppgmis,CHANGE,
498,"Shivansh Sushil Parab","PREP 2 A",8975516274,8975516274-2,ppgmis,CHANGE,"number already used by parents"
499,"KRITARTH VIJAY PANDEY","Grade 1 A",KRITARTH,9370788338,ppgmis,CHANGE,
500,"Shivanya Vinay Mishra","Grade 2 C",SHIVANYA,7219138960,ppgmis,CHANGE,
501,"Shrushti Nilesh Gamare","Grade 2 A",SHRUSHTI,9168796147,ppgmis,CHANGE,
502,"Ayushraj Ravindra Sah","Grade 2 B",AYUSHRAJ,8668792061,ppgmis,CHANGE,
551,"ANANYA MAHESH PATIL","Grade 10",ANANYA,7774051587,ppgmis,CHANGE,
553,"TRISHA RAKESH DESHMUKH","Grade 1 A",TRISHA,8149080809,ppgmis,CHANGE,
554,"TIYA  PORWAL","Grade 1 C",TIYA,9284296044-2,ppgmis,CHANGE,"number already used by parents"
555,"Bhavya Ashish Upadhyay",REMOVED,BHAVYA,7387417843,ppgmis,CHANGE,
556,"AMEY DISALE VASUDEV",REMOVED,"AMEY DISALE",8237074543,ppgmis,CHANGE,
557,"SUHAMITHAA  GS","Grade 1 C",SUHAMITHAA,8072209211,ppgmis,CHANGE,
559,"HASNAIN JAVED SHAIKH","Grade 1 C",HASNAIN,8421014992-2,ppgmis,CHANGE,"number already used by parents"
560,"SUPRAJA PRASAD JADHAV","Grade 1 B",SUPRAJA,,,SKIPPED,"no valid mobile (student phone: 976280661)"
564,"YUTIKA DESHMUKH SACHIN","Grade 1 B","YUTIKA DESHMUKH",8698591945,ppgmis,CHANGE,
565,"YUVIKA  DESHMUKH","Grade 1 C",YUVIKA,8698591945-2,ppgmis,CHANGE,"number already used by student"
574,"Yakshit Pankaj Rajput","PREP 2 A",9922229084,9922229084,ppgmis,CHANGE,
578,"Krishika Harish Devadiga","PREP 2 B",9967409800,9967409800,ppgmis,CHANGE,
581,"Rudra Sunil Deshmukh","PREP 2 A",8390380927,8390380927,ppgmis,CHANGE,
583,"BODHI  ADHAV","Grade 1 C",BODHI,9890114136,ppgmis,CHANGE,
584,"Vihaan Sanil Ghatwal","Grade 2 B",VIHAAN,9928388439,ppgmis,CHANGE,
585,"Samyak Prashant Gaikwad","PREP 2 A",8983085091,8983085091,ppgmis,CHANGE,
586,"SAARTH WAGH SACHIN",REMOVED,9890755010,9890755010,ppgmis,CHANGE,
590,"FATIMA  JALGAONKAR","Grade 1 C",FATIMA,7219796786,ppgmis,CHANGE,
595,"Ira Alok Gupta","PREP 2 A",7276353726,7276353726,ppgmis,CHANGE,
598,"Ovee Varun Deshmukh","PREP 2 B",8983458110,8983458110,ppgmis,CHANGE,
599,"Swamini Amit Deshmukh","PREP 2 A","96576 67714",9657667714,ppgmis,CHANGE,
601,"Aaradhya Sunil Puri","PREP 2 A",8983821890,8983821890,ppgmis,CHANGE,
602,"RATNESH BHAVESH MARATHE","Grade 1 A",RATNESH,7021136871,ppgmis,CHANGE,
604,"Adyan Fayaz Peerzade","PREP 2 A",8380082192,8380082192,ppgmis,CHANGE,
606,"DEVANSH TONDE PRASAD","Grade 1 B","DEVANSH TONDE",8308336633,ppgmis,CHANGE,
608,"Sanmai Sanman Kharat","PREP 2 A",9021451451,9021451451,ppgmis,CHANGE,
612,"Malhar Vaibhav Balkawade","PREP 2 A",9372723456,9372723456,ppgmis,CHANGE,
616,"Rajveer Nagesh Gadade","PREP 2 B",8087103161,8087103161,ppgmis,CHANGE,
618,"AKSH HEMANT PATIL","Grade 1 C",AKSH,7588700708,ppgmis,CHANGE,
619,"Advait Manoj Chaudhari","Grade 2 B",ADVAIT,8551094591-2,ppgmis,CHANGE,"number already used by teacher"
621,"Advaith Raj Roy","PREP 2 B",7017515053,7017515053,ppgmis,CHANGE,
632,"Viraaj Vikram Nagare","PREP 2 A",8446983948,8446983948,ppgmis,CHANGE,
638,"ADVIK DESHMUKH SANIL","Grade 1 B","ADVIK DESHMUKH",7498496670-2,ppgmis,CHANGE,"number already used by parents"
640,"YUG NIKET SHARMA","Grade 1 C",YUG,8398036262,ppgmis,CHANGE,
644,"Ali Arsala Jalgaonkar","PREP 1 A",9172144229,9172144229,ppgmis,CHANGE,
645,"SHAURYA  BANGAR","Grade 1 C",SHAURYA,,,SKIPPED,"no valid mobile (student phone: 9763394779/ 8888642274)"
647,"IBRAHIM MOHAMMED RAFEEQ",REMOVED,"IBRAHIM MOHAMMED",,,SKIPPED,"no valid mobile (student phone: )"
649,"AIHAAN KHARBE LATIF","Grade 1 B","AIHAAN KHARBE",8637702250,ppgmis,CHANGE,
651,"Viraj Surendra Kamble","PREP 2 B",8446415405,8446415405,ppgmis,CHANGE,
652,"Nitya Narendra Kamble","PREP 2 A",7507820861,7507820861,ppgmis,CHANGE,
655,"Shreyansh Sushil Hirve","PREP 2 A",8317259882,8317259882,ppgmis,CHANGE,
656,"Divit Amal Kala",REMOVED,DIVIT,9407594493,ppgmis,CHANGE,
1867,"Dnyanada Swapnil Bangar","Grade 3 A",DNYANADA,8956885427,ppgmis,CHANGE,
1868,"Maheera Asif Kalawant","Grade 3 C",MAHEERA,7387731175,ppgmis,CHANGE,
1869,"Abhishree Bharat Thakare","Grade 3 A",ABHISHREE,9503800635,ppgmis,CHANGE,
1870,"Bhumiksha Lokesh Palankar","Grade 3 B",BHUMIKSHA,9921163282,ppgmis,CHANGE,
1871,"Spruha Pramod Sakpal","Grade 3 C",SPRUHA,7218808602,ppgmis,CHANGE,
1872,"Prisha Darshan Avhad","Grade 3 B",PRISHA,7385931219,ppgmis,CHANGE,
1873,"Aaira Safdarali Fakki","Grade 3 B",AAIRA,7028115675,ppgmis,CHANGE,
1874,"Sanjana Savalaram Mali","Grade 3 C",SANJANA,9156036008,ppgmis,CHANGE,
1875,"Durva Sudhir Mumbre","Grade 3 B",DURVA,8793185607,ppgmis,CHANGE,
1876,"Shivanya Nitin Pawar","Grade 3 C",SHIVANYA,9595352220-2,ppgmis,CHANGE,"number already used by student"
1877,"Krushnai Pawan Pingale","Grade 3 C",KRUSHNAI,9689904762,ppgmis,CHANGE,
1878,"Devanshi Rakesh shah","Grade 3 C",DEVANSHI,7020598540,ppgmis,CHANGE,
1879,"Dhruvaben Mukesh Sondarva","Grade 3 B",DHRUVABEN,9106957326,ppgmis,CHANGE,
1880,"Nevika Rahul Oswal","Grade 3 B",NEVIKA,8830097107,ppgmis,CHANGE,
1881,"Aaradhya Amit Deshmukh","Grade 3 C",AARADHYA,9657667714-2,ppgmis,CHANGE,"number already used by student"
1883,"SALONI NILESH DESHMUKH","Grade 3 A",9970828480,9970828480,ppgmis,CHANGE,
1884,"UJALA SANJAY YADAV","Grade 3 A",9464010248,9464010248,ppgmis,CHANGE,
1886,"Ninad Avinash Kadam","Grade 3 C",NINAD,7276807715,ppgmis,CHANGE,
1887,"Nirav Ratan Kedare","Grade 3 A",NIRAV,9209736569,ppgmis,CHANGE,
1888,"Shrinivas Naresh Palande","Grade 3 C",SHRINIVAS,8097224685,ppgmis,CHANGE,
1889,"Shivansh Sanjay Rathod","Grade 3 B",SHIVANSH,9527051895,ppgmis,CHANGE,
1890,"Hitarth Chetan Shah","Grade 3 A",HITARTH,9028266505,ppgmis,CHANGE,
1891,"Vishwaraj Darshan Shedge","Grade 3 B",VISHWARAJ,8007478677,ppgmis,CHANGE,
1893,"Rudra Rahul Deshmukh","Grade 3 C",RUDRA,8237987582,ppgmis,CHANGE,
1894,"RUDRA ANAND SATISH Kumar",REMOVED,8530536121,8530536121,ppgmis,CHANGE,
1895,"Advey Suraj Chaugule","Grade 3 A",ADVEY,9209082408,ppgmis,CHANGE,
1896,"Aryan Rajendra Kashyap","Grade 3 B",ARYAN,7208412914,ppgmis,CHANGE,
1897,"Burhanuddin Yusuf Khopoliwala","Grade 3 B",BURHANUDDIN,9130099889,ppgmis,CHANGE,
1898,"Sparsh Sanket Nile","Grade 3 C",SPARSH,9850522145,ppgmis,CHANGE,
1900,"Riyansh Rakesh Mhaske","Grade 3 C",RIYANSH,9665215397,ppgmis,CHANGE,
1901,"Prashast Deepak Sharma","Grade 3 C",PRASHAST,9158795402,ppgmis,CHANGE,
1902," Noman Mainuddin Shaikh","Grade 3 C", NOMAN,7769950997,ppgmis,CHANGE,
1903,"Smaran Suhas Kumbhar","Grade 3 A",SMARAN,9503248844,ppgmis,CHANGE,
1904,"Rudransh Rahul Gaikwad","Grade 3 B",RUDRANSH,9762530300,ppgmis,CHANGE,
1905,"SUYASH RAKESH GAIKWAD","Grade 3 A",SUYASH,9049044410,ppgmis,CHANGE,
1906,"SOHAN BHUSHAN SHELAR","Grade 3 A",SOHAN,9172156108,ppgmis,CHANGE,
1907,"RAJDEEP KETAN KHOPKAR","Grade 3 B",9623272158,9623272158,ppgmis,CHANGE,
1908,"RAJVEER VICKY GAIKWAD","Grade 3 A",RAJVEER,8421435756,ppgmis,CHANGE,
1909,"Navya Bhushan Choudhari","Grade 3 A",NAVYA,8956000427,ppgmis,CHANGE,
1910,"ANVI MHATRE NIKESH",REMOVED,7385638974,7385638974,ppgmis,CHANGE,
1911,"Riddhi Sandeep Nawale","Grade 3 C",RIDDHI,9511264440,ppgmis,CHANGE,
1912,"Ruhi Prashant Salunkhe","Grade 3 C",RUHI,8698337633-2,ppgmis,CHANGE,"number already used by parents"
1913,"Aafiya Javed Shaikh","Grade 3 C",AAFIYA,8421014992-3,ppgmis,CHANGE,"number already used by parents"
1916,"Dakshita Vidhyadhar Mandawad","Grade 3 B",DAKSHITA,9130224704,ppgmis,CHANGE,
1917,"Samaira Swapnil Sawant","Grade 3 B",SAMAIRA,9619383777,ppgmis,CHANGE,
1918,"Rajvi Saurabh Kusumbe","Grade 3 C",RAJVI,9422339995,ppgmis,CHANGE,
1919,"Lakshika RaviShankar Sharma","Grade 3 B",LAKSHIKA,8530141559,ppgmis,CHANGE,
1920,"Aavya NiteshKumar Singh","Grade 3 A",AAVYA,9172649829-2,ppgmis,CHANGE,"number already used by parents"
1921,"DURVA AGIWALE GANESH",REMOVED,"DURVA AGIWALE",9011354312,ppgmis,CHANGE,
1922,"Nesika Rahul Oswal","Grade 3 B",NESIKA,8830097107-2,ppgmis,CHANGE,"number already used by student"
1923,"Ishvi Bhupesh Porwal","Grade 3 A",ISHVI,9049297943,ppgmis,CHANGE,
1924,"SIYA NITESH KHADE","Grade 3 A",9561984676,9561984676-2,ppgmis,CHANGE,"number already used by parents"
1925,"AARADHYA SHINDE UDDHAV",REMOVED,8446223553,8446223553,ppgmis,CHANGE,
1927,"RUDRA RUSHIGAUTAMI GAIKWAD","Grade 3 A",RUDRA,9657950800,ppgmis,CHANGE,
1928,"Aman Rajesh Kawade","Grade 3 B",AMAN,8830633223,ppgmis,CHANGE,
1929,"Ridaan Rizavan Momin","Grade 3 A",RIDAAN,9082544298,ppgmis,CHANGE,
1931,"Janak Rajesh Rathod","Grade 3 A",JANAK,8830883476,ppgmis,CHANGE,
1932,"Dev Rakesh Shah","Grade 3 B",DEV,9765443222-2,ppgmis,CHANGE,"number already used by parents"
1933,"Amish Piyush Sharma","Grade 3 A",AMISH,7776994640,ppgmis,CHANGE,
1934,"Raghav RajeshKumar Shukla","Grade 3 A",RAGHAV,6265961879,ppgmis,CHANGE,
1935,"Yashveer Abhimanyu Singh",REMOVED,YASHVEER,8080777145,ppgmis,CHANGE,
1936,"ARYAN Mayur Supe","Grade 3 C",ARYAN,9665752734,ppgmis,CHANGE,
1937,"Tejas Chetankumar Tomar","Grade 3 C",TEJAS,7906672275,ppgmis,CHANGE,
1938,"Sai Rajesh BELOSE","Grade 3 C",SAI,9834974731,ppgmis,CHANGE,
1939,"Sharvil Pradip Deshmukh","Grade 3 B",SHARVIL,8237374392,ppgmis,CHANGE,
1940,"Harshit HareshKumar Jha","Grade 3 A",HARSHIT,8097374331,ppgmis,CHANGE,
1941,"Granth Amit Oswal","Grade 3 C",GRANTH,9867082777,ppgmis,CHANGE,
1942,"Shivansh Sandeep Parihar","Grade 3 C",SHIVANSH,7420820443,ppgmis,CHANGE,
1943,"Vihaan Sitaram Prajapat","Grade 3 C",VIHAAN,9960727757,ppgmis,CHANGE,
1945,"ALAMIN MOH.AMANATULLAH MONDAL",REMOVED,ALAMIN,6297471758-2,ppgmis,CHANGE,"number already used by parents"
1947,"MIHIT MITESH OSWAL","Grade 3 B",7020602280,7020602280,ppgmis,CHANGE,
1948,"Reyansh Rinkesh Porwal","Grade 3 A",REYANSH,7678024938,ppgmis,CHANGE,
1949,"OJAS BHUSHAN SHENDE","Grade 3 C",OJAS,9168022096,ppgmis,CHANGE,
1950,"Nishit Mukesh Oswal","Grade 3 A",NISHIT,9867151230,ppgmis,CHANGE,
1951,"ARADHYA UMESH MAHALE","Grade 3 C",ARADHYA,8554847173,ppgmis,CHANGE,
1953,"Nehal Bhagwan Dabke","Grade 4 A",NEHAL,9764894897,ppgmis,CHANGE,
1955,"Shivadnya Siddhesh Jitekar","Grade 4 A",SHIVADNYA,9923339865,ppgmis,CHANGE,
1956,"Vruddhi Nilesh Oswal","Grade 4 B",VRUDDHI,8087546157-2,ppgmis,CHANGE,"number already used by parents"
1957,"Anura Nilesh Patankar","Grade 4 A",ANURA,7020061755,ppgmis,CHANGE,
1958,"ADHIRA TIGHARE PRITAM",REMOVED,9561763478,9561763478,ppgmis,CHANGE,
1959,"KAVYA KARAD ULHAS",REMOVED,9545152552,9545152552,ppgmis,CHANGE,
1960,"Diksha Prakash Patil",REMOVED,9511617504,9511617504,ppgmis,CHANGE,
1961,"NISHTHA GUPTA PARASRAM",REMOVED,9179779333,9179779333,ppgmis,CHANGE,
1962,"Spruha Samit Sawant","Grade 4 B",SPRUHA,7774939991,ppgmis,CHANGE,
1963,"Arisha Zuber Shaikh","Grade 4 A",ARISHA,7447887867,ppgmis,CHANGE,
1964,"Ayesha Nasir Bedekar","Grade 4 B",AYESHA,8407958865-2,ppgmis,CHANGE,"number already used by parents"
1967,"SHOURYA ARJARIA KAPIL",REMOVED,8770081057,8770081057,ppgmis,CHANGE,
1968,"Gaurav Manjunath Bhatta","Grade 4 B",GAURAV,9880257243,ppgmis,CHANGE,
1969,"NIVESH NILESH GAMARE","Grade 4 A",NIVESH,9822961967,ppgmis,CHANGE,
1970,"Saifuddin Mohammed Khopoliwala","Grade 4 A",SAIFUDDIN,7757975253,ppgmis,CHANGE,
1971,"Vraj Vivek Kumar Mehta","Grade 4 B",VRAJ,9665399580,ppgmis,CHANGE,
1972,"Sanjh Surendra Mukurane","Grade 4 A",SANJH,8855071257,ppgmis,CHANGE,
1973,"Vedant Vasudev Patil","Grade 4 A",VEDANT,8805066948,ppgmis,CHANGE,
1975,"Aarsh Ganesh Sawant","Grade 4 B",AARSH,9967857567,ppgmis,CHANGE,
1976,"Ujjwal Sanjay YADAV","Grade 4 A",UJJWAL,8118965646,ppgmis,CHANGE,
1977,"Adhiraj Amol Deshmukh","Grade 4 B",ADHIRAJ,9637151293,ppgmis,CHANGE,
1978,"Arnav Kishor Hadap","Grade 4 A",ARNAV,9923214165,ppgmis,CHANGE,
1979,"Jiyansh Prashant Lowanshi","Grade 4 B",JIYANSH,8999079320,ppgmis,CHANGE,
1982,"Hashim Mainuddin Shaikh","Grade 4 A",7769950997,7769950997-2,ppgmis,CHANGE,"number already used by student"
1983,"Manas Shailendra Kumar Singh","Grade 4 B",MANAS,9890651830,ppgmis,CHANGE,
1985,"Narendra Ramesh Salvi","Grade 4 B",NARENDRA,7987862067,ppgmis,CHANGE,
1986,"SARTHAK UMESH GUNDRE","Grade 4 A",SARTHAK,9764807144,ppgmis,CHANGE,
1987,"Sarthak Sudhir Kumar","Grade 4 B",SARTHAK,9572070559,ppgmis,CHANGE,
1988,"VISHWAJEET RAJESHWAR BAVAGE","Grade 4 A",VISHWAJEET,9021698144,ppgmis,CHANGE,
1989,"KESHAV PRAKASH MANDAL BAMBAM KUMAR",REMOVED,7991177434,7991177434,ppgmis,CHANGE,
1990,"ABHISHEK RAMJANAM CHAURASIYA","Grade 4 A",ABHISHEK,8080877796,ppgmis,CHANGE,
1991,"RAJVEER NARINDER TANDON","Grade 4 A",RAJVEER,9890296953,ppgmis,CHANGE,
1992,"Anaya Arjun Kadve","Grade 4 B",ANAYA,9423530240-2,ppgmis,CHANGE,"number already used by parents"
1993,"Barnali Milan Fulmali","Grade 4 A",BARNALI,7718500145,ppgmis,CHANGE,
1994,"Dia Vinod Joshi","Grade 4 B",DIA,9833704019,ppgmis,CHANGE,
1995,"HIMANI KUMAWAT SACHIN",REMOVED,8824940690,8824940690,ppgmis,CHANGE,
1996,"Shanvi Atul Naphade","Grade 4 B",SHANVI,8830943161-2,ppgmis,CHANGE,"number already used by parents"
1997,"Tanushree Uday Kumar Mohapatra","Grade 4 A",TANUSHREE,8796843398,ppgmis,CHANGE,
1998,"Durva Arvind Kashid","Grade 4 B",DURVA,8237980748,ppgmis,CHANGE,
1999,"Shreesha Sagar Hake","Grade 4 A",SHREESHA,8208739037,ppgmis,CHANGE,
2000,"Shriti Sameer Mhatre","Grade 4 B",SHRITI,9561171488,ppgmis,CHANGE,
2001,"Parnika Keshav Sawant","Grade 4 A",PARNIKA,9619632428,ppgmis,CHANGE,
2002,"Shambavi Amar Shivarkar","Grade 4 B",SHAMBAVI,7506577419,ppgmis,CHANGE,
2003,"Mahima Mulayam Yadav","Grade 4 A",MAHIMA,8767523582-2,ppgmis,CHANGE,"number already used by parents"
2004,"GAURI SANKET SHIRKE","Grade 4 A",GAURI,8652091189,ppgmis,CHANGE,
2005,"ASHMI ASHISHNARAYAN VERMA","Grade 4 A",ASHMI,9284093772,ppgmis,CHANGE,
2007,"Amay Abhijit Bansod","Grade 4 A",AMAY,9970344931,ppgmis,CHANGE,
2008,"VEDANSH CHANDAN MAHESH",REMOVED,8982677978,8982677978,ppgmis,CHANGE,
2009,"Aram Mayur Jain","Grade 4 B",ARAM,8007466505,ppgmis,CHANGE,
2010,"Shauray Vijay Mane","Grade 4 A",SHAURAY,9967445683,ppgmis,CHANGE,
2011,"Divyansh Pradip Mishra","Grade 4 B",8104067206,8104067206,ppgmis,CHANGE,
2012,"Varad Dipak Patil","Grade 4 B",VARAD,8530681427,ppgmis,CHANGE,
2013,"VIVAAN RAYKWAR PREM KISHAN",REMOVED,7020924603,7020924603,ppgmis,CHANGE,
2015,"Arnav Sanil Deshmukh","Grade 4 B",ARNAV,7498496670-3,ppgmis,CHANGE,"number already used by parents"
2016,"Rutvil Pravin Giri","Grade 4 B",RUTVIL,9145131633-2,ppgmis,CHANGE,"number already used by parents"
2017,"Adish Dinkar Mishra","Grade 4 A",ADISH,8668216413-2,ppgmis,CHANGE,"number already used by parents"
2018,"Sahil Kumar Sandeeo Kumar Mallick","Grade 4 B","SAHIL KUMAR",8459778178,ppgmis,CHANGE,
2019,"Ved Kailas Mhapralkar","Grade 4 B",VED,9323502161,ppgmis,CHANGE,
2021,"RAJVEER PATIL NITIN",REMOVED,7666541016,7666541016,ppgmis,CHANGE,
2022,"Aditya Salunkhe","Grade 4 B",ADITYA,7720836356,ppgmis,CHANGE,
2023,"Panshul Piyush Sharma","Grade 4 A",9834518530,9834518530,ppgmis,CHANGE,
2024,"Suhan Mahesh Sugadare","Grade 4 A",9420055866,9420055866,ppgmis,CHANGE,
2026,"ARUSH SUDARSHAN GAJBHIYE","Grade 4 A",ARUSH,7769950199,ppgmis,CHANGE,
2027,"Vihaan Vaibhav Naik","Grade 4 B",VIHAAN,9975491667,ppgmis,CHANGE,
2028,"Vedansh Vijay Yadav","Grade 4 B",VEDANSH,7400251104-2,ppgmis,CHANGE,"number already used by parents"
2029,"Mohd. Rehan Mohd. Bakhtyar","Grade 4 B","MOHD. REHAN",9534895961,ppgmis,CHANGE,
2030,"SHAURYA VISHWANATH GURAV","Grade 4 A",SHAURYA,9637915497,ppgmis,CHANGE,
2031,"Sakshi Ravindra Sah","Grade 5 B",SAKSHI,8668792061-2,ppgmis,CHANGE,"number already used by student"
2032,"SHREYA GANESH KHANDAGLE","Grade 5 A",SHREYA,9923627782,ppgmis,CHANGE,
2033,"Trishna Ranjit Dubey","Grade 5 B",TRISHNA,9766523489,ppgmis,CHANGE,
2035,"Aadhya Pradeep Pandit","Grade 5 A",AADHYA,8237736751,ppgmis,CHANGE,
2036,"Aiza Nurulamin Rawoot","Grade 5 A",AIZA,9765510849,ppgmis,CHANGE,
2037,"Pravinya Kashiling Yamgar","Grade 5 A",PRAVINYA,8879605035,ppgmis,CHANGE,
2038,"Swara Santosh Deshmukh","Grade 5 B",SWARA,8237101680-2,ppgmis,CHANGE,"number already used by student"
2039,"Vedanshi Vijay Mishra","Grade 5 A",VEDANSHI,9545270934,ppgmis,CHANGE,
2041,"Pravi Sujit Mahadik","Grade 5 B",PRAVI,9765048887,ppgmis,CHANGE,
2043,"Zarah Mohsin Shaikh","Grade 5 A",ZARAH,9021283589-2,ppgmis,CHANGE,"number already used by parents"
2045,"SAMRUDDHI SHINDE GANESH","Grade 5 A","SAMRUDDHI SHINDE",7040060039,ppgmis,CHANGE,
2046,"SAUMYA MANOJ JADHAV","Grade 5 A",SAUMYA,7276566643,ppgmis,CHANGE,
2047,"Advik Jayant Meshram","Grade 5 B",ADVIK,9011060657,ppgmis,CHANGE,
2048,"Shreeyan Kishor Patil","Grade 5 A",SHREEYAN,8796539248,ppgmis,CHANGE,
2049,"AABHASH DHARMENDRA YADAV","Grade 5 A",AABHASH,9699878332,ppgmis,CHANGE,
2050,"Saviraj Praksh Shetty","Grade 5 B",SAVIRAJ,7773942005,ppgmis,CHANGE,
2051,"Reet Sachin Oswal","Grade 5 A",REET,8208132931,ppgmis,CHANGE,
2052,"Shreyansh Yogesh Waghmare","Grade 5 A",SHREYANSH,7875368204,ppgmis,CHANGE,
2053,"Naveen Sawala Ram Mali","Grade 5 A",NAVEEN,9156036008-2,ppgmis,CHANGE,"number already used by student"
2054,"Asim Mujahid Mansuri","Grade 5 B",ASIM,8605827183,ppgmis,CHANGE,
2055,"Krithik Kishore Palan","Grade 5 B",KRITHIK,9326241112,ppgmis,CHANGE,
2056,"Parv Saurabh Majethia","Grade 5 A",PARV,9930432163,ppgmis,CHANGE,
2057,"Riyan Giridhar Deshmukh","Grade 5 A",RIYAN,8237516797,ppgmis,CHANGE,
2058,"Utkarsh Mulayam Yadav","Grade 5 B",UTKARSH,8767523582-3,ppgmis,CHANGE,"number already used by parents"
2059,"Samarth Santosh Katake","Grade 5 B",SAMARTH,9325691322,ppgmis,CHANGE,
2060,"Daksh Kushal Patil","Grade 5 A",DAKSH,7744917788,ppgmis,CHANGE,
2061,"AAYUSH PATIL YOGESH",REMOVED,8693049224,8693049224,ppgmis,CHANGE,
2062,"Aarya Kiran Borade","Grade 5 B",AARYA,9834261516,ppgmis,CHANGE,
2064,"AKSHAT RANJANKUMAR YADAV","Grade 5 B",AKSHAT,8237263500,ppgmis,CHANGE,
2065,"Saifuddin Hozifa Timbawala","Grade 5 B",SAIFUDDIN,9823563647,ppgmis,CHANGE,
2066,"Janvi Vikram Yadav","Grade 5 B",JANVI,7987811944,ppgmis,CHANGE,
2067,"Sudipa Sushant Mondal","Grade 5 B",SUDIPA,8888064036,ppgmis,CHANGE,
2068,"SURAJ SINGH Kishan Singh","Grade 5 B","SURAJ SINGH",9967826891,ppgmis,CHANGE,
2069,"Tanvi Pravin Deshmukh","Grade 5 B",TANVI,9923734167,ppgmis,CHANGE,
2070,"Anshika Ratikanta Mohanty","Grade 5 B",ANSHIKA,7769950515,ppgmis,CHANGE,
2071,"Vaishnavi SabhaJeet Bind","Grade 5 A",VAISHNAVI,7875849306,ppgmis,CHANGE,
2074,"Siddheshwari Satish Zodge","Grade 5 A",SIDDHESHWARI,,,SKIPPED,"no valid mobile (student phone: 845468899)"
2075,"Nishtha Rakesh Patel","Grade 5 B",NISHTHA,7066690860,ppgmis,CHANGE,
2076,"Bareera Yaseen Karjikar","Grade 5 A",BAREERA,9923199716,ppgmis,CHANGE,
2077,"Ishita Rakesh Jha","Grade 5 B",ISHITA,9372749675,ppgmis,CHANGE,
2078,"Aditi Ashok Vyas","Grade 5 A",ADITI,8668687880,ppgmis,CHANGE,
2080,"Avantika Anay Yadav",REMOVED,7776032286,7776032286,ppgmis,CHANGE,
2081,"Rajvi Upnish Deshmukh","Grade 5 B",RAJVI,9028271617,ppgmis,CHANGE,
2082,"SAGRIKA SHEKHAR MORE","Grade 5 A",SAGRIKA,7776832600,ppgmis,CHANGE,
2083,"DHRUVI MANISH PORWAL","Grade 5 A",DHRUVI,7517007444,ppgmis,CHANGE,
2084,"Aarav Sachin Pardeshi","Grade 5 A",AARAV,9028241644-2,ppgmis,CHANGE,"number already used by parents"
2085,"ShouryaVeer Abhimanyu Singh",REMOVED,8668775392,8668775392,ppgmis,CHANGE,
2086,"Siddhant Neeraj Oswal","Grade 5 B",SIDDHANT,9422693303,ppgmis,CHANGE,
2089,"Swapnil Tipanna Arman","Grade 5 B",SWAPNIL,8928273212,ppgmis,CHANGE,
2090,"Shivansh Tushar Deore","Grade 5 A",SHIVANSH,8600447670,ppgmis,CHANGE,
2092,"Shaury Vishal Tawde","Grade 5 B",SHAURY,9869191692,ppgmis,CHANGE,
2093,"Saarth Pravin Oswal","Grade 5 A",SAARTH,9765294075,ppgmis,CHANGE,
2094,"Trishan Roshan Shirke","Grade 5 A",TRISHAN,9028447290,ppgmis,CHANGE,
2095,"Ansh Tushar Chopde","Grade 5 A",ANSH,7387160142,ppgmis,CHANGE,
2096,"Samyak Sumeet More","Grade 5 B",SAMYAK,9156009595,ppgmis,CHANGE,
2097,"Abhinav Ashok Uplawdiya","Grade 5 B",ABHINAV,8319775548,ppgmis,CHANGE,
2098,"SHRAVAN VAZARKAR SUHAS","Grade 5 A","SHRAVAN VAZARKAR",8830772347,ppgmis,CHANGE,
2099,"Abaan Mukhtar Patel","Grade 5 B",ABAAN,9545958880-2,ppgmis,CHANGE,"number already used by teacher"
2100,"Nityam Rupesh Patil","Grade 5 A",NITYAM,9260170002,ppgmis,CHANGE,
2101,"AYUSH GANPAT CHOUDHARY","Grade 5 A",AYUSH,8369686364,ppgmis,CHANGE,
2102,"NAKSH KUMAR RAJIB PRASAD SAH","Grade 5 A","NAKSH KUMAR",8811987294,ppgmis,CHANGE,
2103,"Samiksha Santosh Mhamunkar","Grade 5 B",SAMIKSHA,9370089660,ppgmis,CHANGE,
2104,"Nitin Ramjanam Chaurasiya","Grade 5 B",NITIN,6390232054,ppgmis,CHANGE,
2105,"Swara Rohit Bagul","Grade 5 B",SWARA,8329176712,ppgmis,CHANGE,
2106,"RIDDHI RAVINDRA JONDHALE","Grade 5 A",RIDDHI,8369833640,ppgmis,CHANGE,
2107,"Krutika Sanjay Chatte","Grade 6 B",KRUTIKA,8308949449,ppgmis,CHANGE,
2108,"Prinkal Sandesh Deshmukh","Grade 6 B",PRINKAL,7774986333,ppgmis,CHANGE,
2109,"DAKSHITA RAJEEV GAUR","Grade 6 B",DAKSHITA,8459425996,ppgmis,CHANGE,
2110,"Avani Mangesh Kale","Grade 6 B",AVANI,9561349148,ppgmis,CHANGE,
2111,"Priyanta Dalichand Oswal","Grade 6 B",PRIYANTA,9764867272,ppgmis,CHANGE,
2112,"Ishaani Sanjeev Pandey","Grade 6 A",ISHAANI,9607416389,ppgmis,CHANGE,
2113,"Jeeniya Wilson Ratnam","Grade 6 B",JEENIYA,7798500000,ppgmis,CHANGE,
2114,"Bhumi Satish Soni","Grade 6 A",BHUMI,9730009141,ppgmis,CHANGE,
2115,"Aanvi Vishal Tiwari","Grade 6 B",AANVI,7709859737,ppgmis,CHANGE,
2116,"ARYASHREE SUDARSHAN GAJBHIJYE","Grade 6 B",ARYASHREE,7769950199-2,ppgmis,CHANGE,"number already used by student"
2117,"SHRIJAL KIRDAT RAJESH KIRDAT",REMOVED,9346182547,9346182547,ppgmis,CHANGE,
2118,"PAAYAL OSWAL VISHAL OSWAL","Grade 6 A","PAAYAL OSWAL",9683078642,ppgmis,CHANGE,
2119,"NUTAN RAJESHWAR BAVGE","Grade 6 B",NUTAN,9021698144-2,ppgmis,CHANGE,"number already used by student"
2120,"Shreyash Pralhad Bhong","Grade 6 B",SHREYASH,9049343741,ppgmis,CHANGE,
2121,"Mehul Dipak Chaudhari","Grade 6 A",MEHUL,7385811432,ppgmis,CHANGE,
2124,"SHLOK SAKPAL SACHIN SAKPAL",REMOVED,8108203600,8108203600,ppgmis,CHANGE,
2125,"Aryan Pankaj Sarode","Grade 6 A",ARYAN,8010626485,ppgmis,CHANGE,
2126,"Siddhant Bharat Satav","Grade 6 B",SIDDHANT,9924362854,ppgmis,CHANGE,
2127,"VED PRATAP VINAY SINGH","Grade 6 B","VED PRATAP",9175862402,ppgmis,CHANGE,
2128,"SHORYA SINGH AISHWERIA SINGH THAPA",REMOVED,8439541575,8439541575,ppgmis,CHANGE,
2129,"Aayansh Santosh Kumar Tiwari","Grade 6 B",AAYANSH,9673550802,ppgmis,CHANGE,
2131,"JAY HIRAVAN YADAV","Grade 6 B",JAY,8286904314,ppgmis,CHANGE,
2132,"Vedant Surendra Yadav","Grade 6 A",VEDANT,9967060298,ppgmis,CHANGE,
2133,"MAYAN GANESH CHAVAN","Grade 6 B",MAYAN,8969917655,ppgmis,CHANGE,
2134,"RISHABH BHUPENDRA SINGH","Grade 6 B",RISHABH,8960961933,ppgmis,CHANGE,
2135,"Zian Sagar Majethia","Grade 6 A",ZIAN,7972228482,ppgmis,CHANGE,
2136,"Jyoti SabhaJeet Bind","Grade 6 A",JYOTI,,,SKIPPED,"no valid mobile (student phone: 787549306)"
2137,"Aadhya Avinash Kathairia","Grade 6 A",AADHYA,8866107065,ppgmis,CHANGE,
2138,"Arpita Rajendra Kashyap","Grade 6 A",ARPITA,7208412914-2,ppgmis,CHANGE,"number already used by student"
2139,"Mishthi Nitesh Majethia","Grade 6 A",MISHTHI,9834932373-3,ppgmis,CHANGE,"number already used by parents"
2140,"Aarohi Sachin Pardeshi","Grade 6 B",AAROHI,9028241644-3,ppgmis,CHANGE,"number already used by parents"
2141,"VANSHIKA SAGAR RANDIVE",REMOVED,8263049465,8263049465,ppgmis,CHANGE,
2143,"Anishu Anuj Tiwari","Grade 6 A",ANISHU,9766417651,ppgmis,CHANGE,
2144,"Aaradhya Neeraj Yadav","Grade 6 A",AARADHYA,7860984206,ppgmis,CHANGE,
2145,"Ovi Mahendra Velkar","Grade 6 A",OVI,7606968578,ppgmis,CHANGE,
2146,"NISHI HARSHAD JAKHOTIA","Grade 6 B",NISHI,9373094999,ppgmis,CHANGE,
2147,"Swara Narendra Kamble","Grade 6 A",SWARA,9373498427,ppgmis,CHANGE,
2148,"Alvina Ahmed Shaikh","Grade 6 A",ALVINA,9022618644,ppgmis,CHANGE,
2149,"Taniskha Narendra Jakhotia","Grade 6 A",TANISKHA,8805362605,ppgmis,CHANGE,
2150,"Likhith Manjunath Bhatta","Grade 6 A",LIKHITH,9880257243-2,ppgmis,CHANGE,"number already used by student"
2152,"Rudra Pankaj Durge","Grade 6 A",RUDRA,8830880893,ppgmis,CHANGE,
2153,"Aditya Deepak Gupta","Grade 6 A",ADITYA,9309580498,ppgmis,CHANGE,
2154,"Padma Pankaj Jain","Grade 6 B",PADMA,9987473458,ppgmis,CHANGE,
2155,"Aditya Rahul Ovhal","Grade 6 A",ADITYA,7276566854-2,ppgmis,CHANGE,"number already used by teacher"
2156,"Devansh Shivajirao Patankar","Grade 6 A",DEVANSH,9370094717,ppgmis,CHANGE,
2157,"Dhruv Prashant Salunkhe","Grade 6 A",DHRUV,8698337633-3,ppgmis,CHANGE,"number already used by parents"
2158,"Aryan Vijaykumar Shingate","Grade 6 A",ARYAN,9975923524,ppgmis,CHANGE,
2159,"Anurag VIijendra Upadhyay","Grade 6 B",ANURAG,8780958056,ppgmis,CHANGE,
2160,"Samar Vijay Yadav","Grade 6 A",SAMAR,9975472003,ppgmis,CHANGE,
2161,"DARSH BHAVESH KOTHARI","Grade 6 B",DARSH,9850899111,ppgmis,CHANGE,
2162,"VEDANT RUPESH SURVE","Grade 6 B",VEDANT,8149906486,ppgmis,CHANGE,
2164,"Swaraj Chandrakant Mandawad","Grade 6 A",SWARAJ,,,SKIPPED,"no valid mobile (student phone: 976582431)"
2165,"ADITYA PATIL SANDEEP PATIL",REMOVED,"ADITYA PATIL",7620979241,ppgmis,CHANGE,
2166,"Kavyanjali Dnyaneshwar Chate","Grade 7 B",KAVYANJALI,9970264408,ppgmis,CHANGE,
2167,"SHUBHRA NILESH DESHMUKH","Grade 7 B",SHUBHRA,9762314992,ppgmis,CHANGE,
2168,"ARUSHI RANJIT DUBEY","Grade 7 B",ARUSHI,9766523489-2,ppgmis,CHANGE,"number already used by student"
2169,"Kiyo Kiran Kamble","Grade 7 A",KIYO,9284711288,ppgmis,CHANGE,
2172,"PRASHITI SACHIN OSWAL","Grade 7 B",PRASHITI,7719839345-3,ppgmis,CHANGE,"number already used by parents"
2174,"Zohia Mukhtar Patel","Grade 7 A",ZOHIA,9545958880-3,ppgmis,CHANGE,"number already used by teacher"
2175,"Krishnapriya Nitin Rathod","Grade 7 A",KRISHNAPRIYA,8483912397,ppgmis,CHANGE,
2176,"ALEENA ANWARKARIM SAYYAD","Grade 7 B",ALEENA,7758004697,ppgmis,CHANGE,
2177,"Trisha Rahul Shangari","Grade 7 A",TRISHA,9764537953,ppgmis,CHANGE,
2178,"PRISHA DEEPAK SHARMA","Grade 7 B",PRISHA,7776980348-2,ppgmis,CHANGE,"number already used by parents"
2179,"Diksha Arun Shetty","Grade 7 A",DIKSHA,9764537953-2,ppgmis,CHANGE,"number already used by student"
2180,"ANSHIKA PRADEEP SINGH","Grade 7 B",ANSHIKA,9175803588,ppgmis,CHANGE,
2181,"Omee Saurabh Singh","Grade 7 A",OMEE,7058450459,ppgmis,CHANGE,
2183,"SWARA AJESH DALVI","Grade 7 B",SWARA,9604413209-2,ppgmis,CHANGE,"number already used by parents"
2185,"SHUBHRA SAMIR MORE","Grade 7 B",SHUBHRA,8237599105,ppgmis,CHANGE,
2186,"DHRUVA PANKAJ RAJPUT","Grade 7 B",DHRUVA,9922229084-2,ppgmis,CHANGE,"number already used by student"
2187,"TANAY MANESH BHOSALE","Grade 7 B",TANAY,9404912711,ppgmis,CHANGE,
2188,"Shravan Pravin Deshmukh","Grade 7 A",SHRAVAN,9049650312,ppgmis,CHANGE,
2189,"DHRUV SANGAM JADHAV","Grade 7 B",DHRUV,8624883579,ppgmis,CHANGE,
2190,"AAYUSH KADAM BALAJI",REMOVED,8149341419,8149341419,ppgmis,CHANGE,
2191,"SONIT SANTOSH KAMBLE","Grade 7 B",SONIT,9890962429,ppgmis,CHANGE,
2192,"Himanshu Bhaskar Modak","Grade 7 A",HIMANSHU,9028287887,ppgmis,CHANGE,
2193,"Shlok Atul Naphade","Grade 7 A",SHLOK,8830943161-3,ppgmis,CHANGE,"number already used by parents"
2194,"KALASH YOGESH PATEL","Grade 7 B",KALASH,9096339223,ppgmis,CHANGE,
2195,"Rajveer Hemant Patil","Grade 7 A",RAJVEER,9922112231,ppgmis,CHANGE,
2196,"Hrishikesh Rohan Pawar","Grade 7 A",HRISHIKESH,9860298290,ppgmis,CHANGE,
2197,"YUSUF MOHASEEN SHAIKH","Grade 7 B",YUSUF,9021283589-3,ppgmis,CHANGE,"number already used by parents"
2198,"Sairaj Anil Shinde","Grade 7 A",SAIRAJ,8928444666,ppgmis,CHANGE,
2199,"MONIS ANISUR REHMAN AHMAD","Grade 7 A",MONIS,9975037257,ppgmis,CHANGE,
2201,"BURHANUDDIN KHOPOLIWALA MOHAMMED",REMOVED,9960786980,9960786980-3,ppgmis,CHANGE,"number already used by parents"
2202,"SUMESH NITESH KHADE","Grade 7 A",SUMESH,9561984676-3,ppgmis,CHANGE,"number already used by parents"
2203,"JAIVARDHAN SINGH CHANDRAMOHAN GEHOLT","Grade 7 B","JAIVARDHAN SINGH",8208745348,ppgmis,CHANGE,
2204,"MOHAMMAD NASIR BEDEKAR","Grade 7 B",MOHAMMAD,8407958865-3,ppgmis,CHANGE,"number already used by parents"
2205,"PRANAVPURI RAKESH GOSWAMI","Grade 7 A",PRANAVPURI,9179216613,ppgmis,CHANGE,
2207,"NIRAV MILIND BODHANKAR","Grade 7 B",NIRAV,9823283151,ppgmis,CHANGE,
2209,"TANISHKA KISHOR PAWAR","Grade 7 B",TANISHKA,9284188226,ppgmis,CHANGE,
2210,"Vaishnavi Ganesh Bangera","Grade 8 B",VAISHNAVI,9167701917,ppgmis,CHANGE,
2212,"Janhavi Ambaji Dhumane","Grade 8 A",9158719173,9158719173-2,ppgmis,CHANGE,"number already used by student"
2213,"Aaradhya Ashvin Ghatage","Grade 8 B",AARADHYA,9657072345,ppgmis,CHANGE,
2214,"Prisha Prasad Hukerikar","Grade 8 B",PRISHA,9823599941,ppgmis,CHANGE,
2215,"Tithi Mayur Jain","Grade 8 B",TITHI,9370556234,ppgmis,CHANGE,
2216,"ARADHYA KADVE ARJUN","Grade 8 A",9423530240,9423530240-3,ppgmis,CHANGE,"number already used by parents"
2217,"Taqdees Mohammad Mustafa Meershikar","Grade 8 B",TAQDEES,8600219620,ppgmis,CHANGE,
2218,"Amreen Mohd.Amanatullah Mondal",REMOVED,AMREEN,8171975649,ppgmis,CHANGE,
2219,"Nami Pravin Oswal","Grade 8 A",9765294075,9765294075-2,ppgmis,CHANGE,"number already used by student"
2220,"Adyasha Prashant Kumar Patnaik","Grade 8 A",9766524030,9766524030-2,ppgmis,CHANGE,"number already used by student"
2221,"Shravani Bharat Satav","Grade 8 A",9924362854,9924362854-2,ppgmis,CHANGE,"number already used by student"
2223,"SakshiKumari Shivnarayan Singh","Grade 8 B",SAKSHIKUMARI,8401097710,ppgmis,CHANGE,
2224,"Divyanshi Chetankumar Tomar","Grade 8 A",DIVYANSHI,8580599681-2,ppgmis,CHANGE,"number already used by parents"
2225,"Nirali Shekhar Vichare","Grade 8 B",NIRALI,9325032150,ppgmis,CHANGE,
2226,"SWARA SUSHIL PARAB","Grade 8 B",SWARA,9881307065,ppgmis,CHANGE,
2227,"SAMIKSHA BHUSHANKUMAR GAIKWAD","Grade 8 B",SAMIKSHA,9765135640,ppgmis,CHANGE,
2228,"KAVYA UPADHYAY VIJAY",REMOVED,"KAVYA UPADHYAY",7567585756,ppgmis,CHANGE,
2229,"NAVYA UPADHYAY VIJAY",REMOVED,"NAVYA UPADHYAY",,,SKIPPED,"no valid mobile (student phone: 75675857561)"
2230,"Shubham Suresh Chauhan","Grade 8 A",9823007149,9823007149,ppgmis,CHANGE,
2231,"Laksh Kailash Devda","Grade 8 B",LAKSH,9730097230,ppgmis,CHANGE,
2233,"Om Ketan Khopkar","Grade 8 B",OM,9762456899,ppgmis,CHANGE,
2234,"Yatish Kirti Oswal",REMOVED,YATISH,9158388494,ppgmis,CHANGE,
2235,"Ansh Ankit Parmar","Grade 8 B",ANSH,9359300073,ppgmis,CHANGE,
2236,"Swarup Ganesh Sawant","Grade 8 A",7066715512,7066715512,ppgmis,CHANGE,
2237,"Vihan Mitesh Shah","Grade 8 A",VIHAN,9011397855,ppgmis,CHANGE,
2238,"Adhiraj Anil Shinde","Grade 8 B",ADHIRAJ,9923512557-2,ppgmis,CHANGE,"number already used by parents"
2239,"Rudra Rajesh Shinde","Grade 8 A",9373414549,9373414549,ppgmis,CHANGE,
2240,"Atharv Nitesh Singh","Grade 8 A",9172649829,9172649829-3,ppgmis,CHANGE,"number already used by parents"
2241,"Maaz Mustufa Takey","Grade 8 A",9145030170,9145030170,ppgmis,CHANGE,
2243,"Dhruv Manojkumar Vyas","Grade 8 B",DHRUV,8767675816-2,ppgmis,CHANGE,"number already used by parents"
2244,"Pranit Pravin Bailmare","Grade 8 B",PRANIT,7058074741,ppgmis,CHANGE,
2246,"SARTHAK GANESH SHINDE","Grade 8 B",SARTHAK,8888546345,ppgmis,CHANGE,
2247,"JAY OSWAL KALPESH","Grade 8 A",8983576297,8983576297,ppgmis,CHANGE,
2248,"SWARAJ MANOJ JADHAV","Grade 8 B",SWARAJ,9146832678,ppgmis,CHANGE,
2249,"DHWAJ OSWAL ANAND","Grade 8 A",9763027835,9763027835,ppgmis,CHANGE,
2250,"SIDDHANT SANDEEP OVHAL","Grade 8 B",SIDDHANT,9673380170,ppgmis,CHANGE,
2251,"SAI MHAMUNKAR SANTOSH","Grade 8 A",9370089660,9370089660-2,ppgmis,CHANGE,"number already used by student"
2252,"ANSH SAMIL SHIRKE","Grade 8 B",ANSH,9637190445-2,ppgmis,CHANGE,"number already used by parents"
2253,"NAKSH JAYESH SARPHALE","Grade 8 B",NAKSH,8007462742-3,ppgmis,CHANGE,"number already used by parents"
2255,"SARVESHA PRAVIN GIRI","Grade 9",SARVESHA,9145131633-3,ppgmis,CHANGE,"number already used by parents"
2256,"GAYTRI NIVRUTTI INGLE","Grade 9",GAYTRI,9011121912,ppgmis,CHANGE,
2257,"SIYA MANGESH PAWAR","Grade 9",SIYA,7767851324,ppgmis,CHANGE,
2258,"RIYA  KUMAR","Grade 9",RIYA,9923533499,ppgmis,CHANGE,
2259,"TANISHKA PRAVIN THOMBARE","Grade 9",TANISHKA,8999369330,ppgmis,CHANGE,
2260,"ARYA CHAVAN GANESH","Grade 9",8969917655,8969917655-2,ppgmis,CHANGE,"number already used by student"
2262,"Sanidhya Pravin Manave","Grade 9",SANIDHYA,9764344700,ppgmis,CHANGE,
2263,"Ayush Vidhyadhar Mandawad","Grade 9",AYUSH,9561741273-2,ppgmis,CHANGE,"number already used by parents"
2264,"Ojas Neeraj Oswal","Grade 9",OJAS,9673356104-2,ppgmis,CHANGE,"number already used by parents"
2265,"Pritam Bibhuti Parida","Grade 9",PRITAM,7439817741,ppgmis,CHANGE,
2266,"Ameen Asadulla Mahamood Baigh Pathan","Grade 9",AMEEN,8446964457,ppgmis,CHANGE,
2267,"Ayush Jaywant Patil",REMOVED,AYUSH,9637619791,ppgmis,CHANGE,
2268,"SHREYANSH SALUNKHE SUNIL","Grade 9","SHREYANSH SALUNKHE",8208212280,ppgmis,CHANGE,
2269,"Arjun Ashutosh Tiwari","Grade 9",ARJUN,8850707131,ppgmis,CHANGE,
2270,"VARUN SHAILENDRA DUBEY","Grade 9",VARUN,7738516023,ppgmis,CHANGE,
2271,"Arjun Pritam Dalvi",REMOVED,ARJUN,,,SKIPPED,"no valid mobile (student phone: )"
2272,"PRASANNA PRAMOD PATIL","Grade 9",PRASANNA,7030825856,ppgmis,CHANGE,
2273,"ANUSHKA YADAV KRISHNAMURARI","Grade 9","ANUSHKA YADAV",9021868241,ppgmis,CHANGE,
2274,"YASH THAKKAR MITESH","Grade 9","YASH THAKKAR",9823563647-2,ppgmis,CHANGE,"number already used by student"
2275,"HATIM TIMBAWALA HOZAIFA","Grade 9","HATIM TIMBAWALA",9823563647-3,ppgmis,CHANGE,"number already used by student"
2276,"DHRUV RASTOGI VIPIN","Grade 9","DHRUV RASTOGI",8149759620-2,ppgmis,CHANGE,"number already used by teacher"
2277,"SAUD KARJIKAR SHAFIQUE","Grade 9","SAUD KARJIKAR",8208129118,ppgmis,CHANGE,
2278,"ASAD KARJIKAR ANSAR","Grade 9","ASAD KARJIKAR",8459388472,ppgmis,CHANGE,
2279,"MOHAMMAD SAAD BEDEKAR AFZAL","Grade 9","MOHAMMAD SAAD BEDEKAR",8830475047,ppgmis,CHANGE,
2280,"AONKIT PAL ANUP","Grade 9","AONKIT PAL",9766760832,ppgmis,CHANGE,
2281,"AARUSH SHINDE UDDHAV",REMOVED,"AARUSH SHINDE",8446223553-2,ppgmis,CHANGE,"number already used by student"
2301,"DHIAAN SANJAY PORWAL","Grade 7 B",DHIAAN,9579044441,ppgmis,CHANGE,
2305,"Aarna Praful Gupta","Grade 6 B",AARNA,8318935564,ppgmis,CHANGE,
2308,"ZEHAN KAMARUL HODA",REMOVED,9970749884,9970749884,ppgmis,CHANGE,
2312,"PRATHAMESH PRASHANT PITAMBER","Grade 6 B",PRATHAMESH,9834630136,ppgmis,CHANGE,
2313,"VIDHANSHI GHEVARAM SUTHAR","Grade 7 B",VIDHANSHI,9890699432,ppgmis,CHANGE,
2321,"Lakshit Venugopal Dolayi","Grade 5 B",LAKSHIT,9676487490,ppgmis,CHANGE,
2322,"SHAURYA JADHAV MANGESH",REMOVED,"SHAURYA JADHAV",9049949049,ppgmis,CHANGE,
2323,"YUVRAJ GANESH CHAVHAN","Grade 7 A",YUVRAJ,8374119103,ppgmis,CHANGE,
2324,"DEBANKAN DEBRAJ CHAKRABORTY",REMOVED,80-77620875,8077620875,ppgmis,CHANGE,
2326,"NISHAKUMARI BHAGAT SANJAY","Grade 8 A",8698557478,8698557478,ppgmis,CHANGE,
2327,"DHRUV YADAV NARENDRA","Grade 8 A",8669116656,8669116656,ppgmis,CHANGE,
2328,"Saira Kiran Ghosalkar","Grade 4 B",SAIRA,9022696083,ppgmis,CHANGE,
2329,"MEET OSWAL SATYAM","Grade 9","MEET OSWAL",9372498181,ppgmis,CHANGE,
2333,"YUVAAN OSWAL NILESH","Grade 9","YUVAAN OSWAL",9370113524,ppgmis,CHANGE,
2337,"AYANSH MANISH MORE",REMOVED,7045027181,7045027181,ppgmis,CHANGE,
2341,"RUHI RUPESH BHADIKAR","Grade 6 B",9209204145,9209204145,ppgmis,CHANGE,
2344,"Anushree Milind Patil","Grade 5 B",ANUSHREE,9158982113,ppgmis,CHANGE,
2345,"RIYANSHI DIPAK AMRUTKAR","Grade 5 B",RIYANSHI,9076105363,ppgmis,CHANGE,
2346,"SAUMYA AWATI SANTOSH",REMOVED,9673187255,9673187255,ppgmis,CHANGE,
2347,"PARI KARCHE DATTU","Grade 8 A",9860237583,9860237583,ppgmis,CHANGE,
2348,"Smith Dattu Karche","Grade 6 A",SMITH,9860237583-2,ppgmis,CHANGE,"number already used by student"
2354,"Shivansh Nitesh Deshmukh","PREP 1 B",9049052677,9049052677,ppgmis,CHANGE,
2355,"Ashitosh Hemant Hon","Grade 6 A",ASHITOSH,9158882063,ppgmis,CHANGE,
2356,"Aayansh Sagar Hadap","PREP 2 B",8983893808,8983893808,ppgmis,CHANGE,
2357,"Avira Amol Gawade","PREP 2 B",9823900445,9823900445,ppgmis,CHANGE,
2358,"Riyanshi Ashish Sharma","PREP 2 A",9702841973,9702841973,ppgmis,CHANGE,
2359,"Viraj Pradeep Pandit","PREP 1 B",8237736751,8237736751-2,ppgmis,CHANGE,"number already used by student"
2360,"Lavanya Rohan Chaudhari","PREP 2 A",8407971147,8407971147,ppgmis,CHANGE,
2361,"Shourya Shekhar More","PREP 2 A",7083194048,7083194048,ppgmis,CHANGE,
2362,"Aarav Prakash Om Prakash","PREP 2 A",7757082862,7757082862,ppgmis,CHANGE,
2363,"Shresth Rana Dushyant","PREP 2 A",7353040001,7353040001,ppgmis,CHANGE,
2364,"Sanvi Pramod Disale","PREP 2 A",9834353170,9834353170,ppgmis,CHANGE,
2365,"Kriyansh Jitendra Disale","PREP 2 B",7066628375,7066628375,ppgmis,CHANGE,
2366,"Ditya Rajendra Disale","PREP 2 A",7020039163,7020039163,ppgmis,CHANGE,
2367,"Viva Rakesh Umate","PREP 1 A",9823066743,9823066743,ppgmis,CHANGE,
2368,"Anaya Virendra Mahadik","PREP 1 B",8412005704,8412005704,ppgmis,CHANGE,
2369,"Samrudhi Nilesh Jagtap","PREP 2 B",9579341597,9579341597,ppgmis,CHANGE,
2370,"Husain Danish Raut","PREP 1 B",8446169129,8446169129,ppgmis,CHANGE,
2371,"Anvi Ashvin Ghatage","PREP 1 A",9657072345,9657072345-2,ppgmis,CHANGE,"number already used by student"
2372,"Ali Umar Hegde","PREP 1 B",9172478970,9172478970,ppgmis,CHANGE,
2373,"Grantha Nitej Kasbe","PREP 1 B",9604750000,9604750000,ppgmis,CHANGE,
2374,"Shanaya Nilesh Oswal","PREP 2 B",7387324701,7387324701,ppgmis,CHANGE,
2375,"Tiyansh Vaihav Chauhan","PREP 1 A",7020800889,7020800889,ppgmis,CHANGE,
2376,"Lokesh BHAVESH Pachore","PREP 2 B",8668454277,8668454277,ppgmis,CHANGE,
2378,"Shubham Sanjay Parihar","PREP 2 A",9021294224,9021294224,ppgmis,CHANGE,
2379,"Shaurya Santosh Pande","PREP 2 B",9823197294,9823197294,ppgmis,CHANGE,
2380,"Kiyushka Veekkas Tiwari","Grade 2 A",KIYUSHKA,9665043631,ppgmis,CHANGE,
2381,"Meera Ketan Mundhe","PREP 2 A",7020179056,7020179056,ppgmis,CHANGE,
2382,"SHUBHAM GANGARAM HUKKERI","Grade 8 B",SHUBHAM,8788652884,ppgmis,CHANGE,
2383,"Daksh Gangaram Hukkeri","Grade 2 A",DAKSH,8788652884-2,ppgmis,CHANGE,"number already used by student"
2384,"Aneesh  Mishra","PREP 2 B",8668216413,8668216413-3,ppgmis,CHANGE,"number already used by parents"
2385,"RAJVEER KISHOR PAWAR","Grade 2 C",RAJVEER,9284188226-2,ppgmis,CHANGE,"number already used by student"
2386,"Shivansh Ankush Mandlik","Grade 2 C",SHIVANSH,9921775708,ppgmis,CHANGE,
2387,"Hindavi Abhijit Deshmukh",REMOVED,7722018567,7722018567,ppgmis,CHANGE,
2388,"Avir Vishal Dongare","Grade 2 C",AVIR,9970810600,ppgmis,CHANGE,
2389,"Shrisha Gajanan Bhosale","Grade 2 A",SHRISHA,9665837322,ppgmis,CHANGE,
2390,"Trisha Shailesh Kakade","Grade 2 B",TRISHA,8793208006,ppgmis,CHANGE,
2391,"Saisha Akshay Kashid","PREP 2 B",8446461800,8446461800,ppgmis,CHANGE,
2392,"Pratishtha Swapnil Pawar","Grade 2 C",PRATISHTHA,9028705103,ppgmis,CHANGE,
2393,"Smaran Santosh Kulhalikar","Grade 2 A",SMARAN,7972077831,ppgmis,CHANGE,
2394,"Hetika Jatin Varma","Grade 2 C",HETIKA,9870774009,ppgmis,CHANGE,
2395,"Muhammad Abdul Munaf Karjikar","PREP 1 A",8793992331,8793992331,ppgmis,CHANGE,
2396,"Prahi Swapnil Patil","Grade 2 A",PRAHI,9834958270,ppgmis,CHANGE,
2397,"Atharva Amit Kulkarni","Grade 2 B",ATHARVA,9757314641-2,ppgmis,CHANGE,"number already used by parents"
2398,"Agatya Sachin Thakur","Grade 2 C",AGATYA,8007675688,ppgmis,CHANGE,
2399,"Bhavik Durgesh Khopade","PREP 1 A",9356054772,9356054772,ppgmis,CHANGE,
2401,"AFRA ABDULKARIM MULLA ABDULKARIM",REMOVED,9130260200,9130260200,ppgmis,CHANGE,
2402,"SAKSHAM KUMAR SANJAY KUMAR SINGH","Grade 8 A","SAKSHAM KUMAR",8956424903,ppgmis,CHANGE,
2403,"ARYA KADAV JAYANT",REMOVED,9075002247,9075002247,ppgmis,CHANGE,
2404,"Ayesha Aadil Mapkar","PREP 1 A",8530510953,8530510953,ppgmis,CHANGE,
2405,"Vihan Vaibhav Amrutkar","Grade 6 A",VIHAN,8956618466,ppgmis,CHANGE,
2406,"Arnika Rohit Tripathi","PREP 1 A",8299583845,8299583845,ppgmis,CHANGE,
2407,"Gauransh Sanket Bhosale","PREP 1 B",7498508387,7498508387-2,ppgmis,CHANGE,"number already used by student"
2408,"Aarush Ajay Yadav","PREP 1 A",9004786342,9004786342,ppgmis,CHANGE,
2409,"Shravan Suhas Kumbhar","PREP 1 A",9503148844,9503148844,ppgmis,CHANGE,
2410,"Drishti Haresh Jha","PREP 2 B",9021989105,9021989105,ppgmis,CHANGE,
2411,"Aaradhya Amit Kulkarni","PREP 1 A",9757314641,9757314641-3,ppgmis,CHANGE,"number already used by parents"
2412,"Shivanshi Kumari Arjun Kumar","PREP 1 B",8087867252,8087867252-3,ppgmis,CHANGE,"number already used by parents"
2413,"ANIKA RAHUL OSWAL","Grade 7 A",ANIKA,9850016091,ppgmis,CHANGE,
2414,"Sanvi Avinash Deshmukh","PREP 1 A",SANVI,8007825210,ppgmis,CHANGE,
2415,"Aarush Mahesh Chandan","PREP 2 A",9561579179,9561579179-2,ppgmis,CHANGE,"number already used by parents"
2416,"Mishka Manoj Dound","PREP 1 B",8369892663,8369892663,ppgmis,CHANGE,
2417,"Mayra Manoj Dound","Grade 3 C",MAYRA,9594910204-2,ppgmis,CHANGE,"number already used by parents"
2418,"ASEEMJOT MAAN ASHOK KUMAR MAAN","Grade 9","ASEEMJOT MAAN",7678250997,ppgmis,CHANGE,
2419,"VAANIPREET KAUR ASHOK KUMAR MAAN","Grade 9","VAANIPREET KAUR",7678250997-2,ppgmis,CHANGE,"number already used by student"
2422,"Shivanyaa Kiran Borade","PREP 1 B",9834261516,9834261516-2,ppgmis,CHANGE,"number already used by student"
2424,"RUDRA RAJNISH UPADHYAY","Grade 8 B",RUDRA,7977012149,ppgmis,CHANGE,
2425,"Advika Rushikesh Sanap","PREP 1 A",8087887750,8087887750,ppgmis,CHANGE,
2426,"AARADHYA SIDDHARTH JADHAV","Grade 3 A",7499100802,7499100802,ppgmis,CHANGE,
2427,"MUHAMMAD MUSTAFA IMRAN SHAIKH","Grade 3 A","MUHAMMAD MUSTAFA",8999960417,ppgmis,CHANGE,
2428,"Dhruv Jaydeep Badgujar",REMOVED,DHRUV,9987899311,ppgmis,CHANGE,
2429,"SHLOK DATTATRAYA PUJARI","Grade 3 C",SHLOK,7709184023,ppgmis,CHANGE,
2430,"SWARA TUSHAR SHELAR","Grade 3 B",7262916476,7262916476,ppgmis,CHANGE,
2431,"Saish Ganesh chavan","Grade 3 C",SAISH,7972015821,ppgmis,CHANGE,
2432,"Aaradhya Parshuram Shinde","Grade 2 A",AARADHYA,8766920189,ppgmis,CHANGE,
2433,"AADYA VINOD KHADE","Grade 3 A",9850534749,9850534749,ppgmis,CHANGE,
2434,"Shivanshi Dharmendra Kumar Maurya","PREP 1 A",9029379794,9029379794,ppgmis,CHANGE,
2435,"DURVA SUDHAKAR JADHAV",REMOVED,9607561041,9607561041,ppgmis,CHANGE,
2436,"Ekansh Nilesh Phalak","PREP 2 B",9766705670,9766705670,ppgmis,CHANGE,
2437,"Rushi Laxman Talvankar","Grade 2 A",RUSHI,7021138612,ppgmis,CHANGE,
2438,"DIVYANT DINESH SHRIWAR","Grade 2 C",DIVYANT,7999903593,ppgmis,CHANGE,
2439,"SOHAM SAMBHAJI SHINDE","Grade 3 B",8605970814,8605970814-2,ppgmis,CHANGE,"number already used by parents"
2440,"TEJASWINI SAMBHAJI SHINDE","Grade 7 A",TEJASWINI,8605970814-3,ppgmis,CHANGE,"number already used by parents"
2441,"SANVI RANE JAGDISH","Grade 9","SANVI RANE",7775062397,ppgmis,CHANGE,
2442,"Aarvi Akash Kamble","Grade 2 A",AARVI,9028981402,ppgmis,CHANGE,
2443,"Abhikansh Akshay Sutar","Grade 2 B",ABHIKANSH,7709424609,ppgmis,CHANGE,
2444,"Prathmesh Sanjay Dhage","Grade 10",8380074020,8380074020,ppgmis,CHANGE,
2445,"REHAN SURAJ JADHAV","Grade 3 B",8446292696,8446292696,ppgmis,CHANGE,
2446,"Ali Sahil Pendari","Grade 2 B",ALI,8496910359,ppgmis,CHANGE,
2447,"HARSH RAGHVENDRA SINGH","Grade 3 B",8140946342,8140946342,ppgmis,CHANGE,
2448,"Parth Chandrakant Patil","Grade 2 A",PARTH,7875191934,ppgmis,CHANGE,
2449,"Swaraj Anil Sanap","Grade 2 C",SWARAJ,7276018208,ppgmis,CHANGE,
2450,"Devik Sagar Gaikwad","Grade 2 B",DEVIK,9096068509,ppgmis,CHANGE,
2451,"Samayra Navneet Salvi","Grade 2 A",SAMAYRA,7757802329,ppgmis,CHANGE,
2452,"Neel Vijay Patil","Grade 2 A",NEEL,9405301701,ppgmis,CHANGE,
2453,"Sara Saurabh Ghatwal","PREP 2 A",9730446264,9730446264,ppgmis,CHANGE,
2454,"Devansh Devidas Patil","PREP 2 B",7038294040,7038294040,ppgmis,CHANGE,
2455,"Trisha Tejas Kamble","PREP 2 B",9975234143,9975234143,ppgmis,CHANGE,
2456,"Naira Anwar Karim Sayyad","PREP 2 B",9970507085,9970507085,ppgmis,CHANGE,
2457,"Shreeya Sameer Sathe","PREP 2 B",9359309044,9359309044,ppgmis,CHANGE,
2458,"Malhar Madan Khopade","PREP 2 A",9545218953,9545218953,ppgmis,CHANGE,
2459,"Aarush Nilesh Chalke","PREP 2 A",9145235256,9145235256,ppgmis,CHANGE,
2460,"AYURA ANIKET SONAVANE","Grade 1 A",AYURA,,,SKIPPED,"no valid mobile (student phone: 9730685894 / 8007209211)"
2461,"SWAYAM SHINDE SAMEER","Grade 1 B","SWAYAM SHINDE",7558792987,ppgmis,CHANGE,
2462,"AASAWARI DESHMUKH RUPESH","Grade 1 B","AASAWARI DESHMUKH",9689681852,ppgmis,CHANGE,
2463,"Atharv Amar Sutar","PREP 2 B",9326033624,9326033624,ppgmis,CHANGE,
2464,"VEDANSHI SHAILESH CHATURVEDI","Grade 1 A",VEDANSHI,9340668210,ppgmis,CHANGE,
2465,"Tejaswini Ramdas Biradar","Grade 2 B",TEJASWINI,8550958213,ppgmis,CHANGE,
2466,"Harika  More","PREP 2 A",8698626667,8698626667,ppgmis,CHANGE,
2467,"ANSHUMAN SHAKTI SAMANTA","Grade 7 B",ANSHUMAN,,,SKIPPED,"no valid mobile (student phone: 940844475     /9438188881)"
2468,"SPARSH DHANAJI KAMBALE","Grade 7 B",SPARSH,7875287303,ppgmis,CHANGE,
2469,"Anay Nitin Agaj","PREP 1 A",9623209237,9623209237,ppgmis,CHANGE,
2470,"Neel Pradeep Jadhav","Grade 2 A",NEEL,9518336325,ppgmis,CHANGE,
2471,"PRISHA PANKESH PALANDE","Grade 6 B",PRISHA,8446952327,ppgmis,CHANGE,
2472,"Srusti Bharat Jadhav","PREP 2 A",8459277057,8459277057,ppgmis,CHANGE,
2473,"AMEY PANKAJ ALAI","Grade 4 A",AMEY,7248969207,ppgmis,CHANGE,
2474,"RONAK JADHAV NARESH","Grade 10",7447446885,7447446885,ppgmis,CHANGE,
2475,"KRISHNA PRAJAPATI UDAYRAJ","Grade 10",9172144652,9172144652,ppgmis,CHANGE,
2476,"Dhruvi Manoj Pangare","PREP 2 B",8446439912,8446439912,ppgmis,CHANGE,
2477,"Vihaan Vishal Patankar","PREP 2 B",8200861318,8200861318,ppgmis,CHANGE,
2478,"JHANISH PAVAN KUMAR KOLLAPALLI","Grade 4 A",JHANISH,9550743836-2,ppgmis,CHANGE,"number already used by teacher"
2479,"ARHAM SANJAY PORWAL","Grade 2 C",ARHAM,9823082737,ppgmis,CHANGE,
2480,"AAROHI RITESH MISHRA","Grade 7 B",AAROHI,6376803021,ppgmis,CHANGE,
2481,"Rudransh Pravin Deshmukh","PREP 2 B",9923734167,9923734167-2,ppgmis,CHANGE,"number already used by student"
2482,"Priyansh Sandesh Deshmukh","PREP 2 B",9765422333,9765422333,ppgmis,CHANGE,
2483,"AARAV SHAILENDRA KUMAR SINGH","Grade 7 A",AARAV,9503404942,ppgmis,CHANGE,
2484,"JIVANSH SUJIT MAHADIK","Grade 1 A",JIVANSH,8208079137,ppgmis,CHANGE,
2485,"VIGHNESH HARESH PARANGE","Grade 3 B",9158655028,9158655028,ppgmis,CHANGE,
2486,"Riyansh Amol Sonawane","PREP 2 A",7385089602,7385089602,ppgmis,CHANGE,
2487,"SAANVI RUPESH SURVE","Grade 1 B",SAANVI,8149906486-2,ppgmis,CHANGE,"number already used by student"
2488,"SOHAM RAHUL SANGALE","Grade 6 B",SOHAM,9029201222-2,ppgmis,CHANGE,"number already used by parents"
2489,"SHIVANI RAHUL SANGALE","Grade 3 A",9029201222/9121514246,9029201222-3,ppgmis,CHANGE,"mobile from parent; number already used by parents"
2490,"KARTHIK SAI CHOPPARAPU PRUDVESH","Grade 5 A","KARTHIK SAI CHOPPARAPU",8897015889,ppgmis,CHANGE,
2491,"Harshita Prudvesh Chopparapu","Grade 4 B",HARSHITA,8897015889-2,ppgmis,CHANGE,"number already used by student"
2492,"Smit Samir More","Grade 2 A",SMIT,,,SKIPPED,"no valid mobile (student phone: 82375599105)"
2493,"Zuhair Mustufa Takey","PREP 2 B",9145030170,9145030170-2,ppgmis,CHANGE,"number already used by student"
2494,"Nandini Dinesh Pawar","PREP 1 B",8779529331,8779529331,ppgmis,CHANGE,
2495,"SOHAM KOLHE PRAVEEN","Grade 9","SOHAM KOLHE",9423201920,ppgmis,CHANGE,
2496,"KAIVALYA PATIL JAYWANT","Grade 9","KAIVALYA PATIL",7721874455,ppgmis,CHANGE,
2498,"SHLOKA VIKAS SHELAR","Grade 1 A",SHLOKA,9773575178,ppgmis,CHANGE,
2500,"AYUSH GAJANAN GHANDGE","Grade 3 A",AYUSH,9922468047,ppgmis,CHANGE,
2501,"SHLOK RAMRAJE KADAM","Grade 7 B",SHLOK,9960901903,ppgmis,CHANGE,
2502,"SANAVI SACHIN BIRADAR","Grade 3 A",9356279635,9356279635,ppgmis,CHANGE,
2503,"ANVAY SACHIN BIRADAR","Grade 7 B",ANVAY,8007797889,ppgmis,CHANGE,
2504,"SHOURYA SHASHIKANT GAURAV",REMOVED,7077758043,7077758043,ppgmis,CHANGE,
2505,"Jishna Ajesh Dalvi","PREP 1 B",JISHNA,9604413290,ppgmis,CHANGE,
2506,"VEDANT SURESH BADGUJAR","Grade 7 B",VEDANT,8983449620,ppgmis,CHANGE,
2507,"SNITHIK VINOD WAGHMARE","Grade 5 A",SNITHIK,7769950242,ppgmis,CHANGE,
2508,"Smarnika Pradip Deshmukh","PREP 2 A",8446864746,8446864746,ppgmis,CHANGE,
2509,"SHREYASH SUBHASH GAYAKWAD","Grade 10",8805788064,8805788064,ppgmis,CHANGE,
2510,"Rajvir Amol Gawade","Grade 2 A",RAJVIR,9049900445,ppgmis,CHANGE,
2511,"Mayank Sharma","PREP 2 B",8080881559,8080881559,ppgmis,CHANGE,
2512,"Muntaha Umar Hegde","Grade 2 A",MUNTAHA,9172478970-2,ppgmis,CHANGE,"number already used by student"
2513,"Anvi Annashaeb Metkari","Grade 2 B",ANVI,9552618100,ppgmis,CHANGE,
2514,"Siya Samil Shirke","Grade 2 B",SIYA,9637292565,ppgmis,CHANGE,
2515,"Ojaswi Pritam Chaudhari","Grade 2 B",OJASWI,8208295793,ppgmis,CHANGE,
2516,"Shravani Harshal Joshi","Grade 2 C",SHRAVANI,7972011272,ppgmis,CHANGE,
2517,"Shauryaa Atish Palande","Grade 2 B",SHAURYAA,9552823070,ppgmis,CHANGE,
2518,"Taimur Mansur Shaikh","PREP 2 A",8010771062,8010771062,ppgmis,CHANGE,
2520,"SAI RAJENDRA KADAM","Grade 6 B",SAI,9270148356,ppgmis,CHANGE,
2521,"Vihan Annasaheb Metkari","PREP 2 A",9552618100,9552618100-2,ppgmis,CHANGE,"number already used by student"
2522,"Gandhar Mayur Retarekar","PREP 1 B",9960779445,9960779445-2,ppgmis,CHANGE,"number already used by student"
2523,"SNIYA SWAPNIL CHALKE","Grade 7 A",SNIYA,7798612641,ppgmis,CHANGE,
2524,"RADHIKA KISHAN JAT","Grade 9",RADHIKA,8758149612,ppgmis,CHANGE,
2525,"ANVIT AVINASH BHOIR","Grade 3 C",ANVIT,8830494021,ppgmis,CHANGE,
2526,"Aarush Neeraj Chaubey","PREP 2 A",8698614984,8698614984,ppgmis,CHANGE,
2529,"Arnav Akshay Gujar",REMOVED,8983096393,8983096393,ppgmis,CHANGE,
2530,"Purva Rupesh Gosavi","PREP 2 B",9356591165,9356591165,ppgmis,CHANGE,
2531,"Mohammad Uvais","PREP 1 B",9978927758,9978927758,ppgmis,CHANGE,
2532,"AARYA AJAY YADAV","Grade 1 A",AARYA,9004786342-2,ppgmis,CHANGE,"number already used by student"
2533,"SIDDHANT KUMAR PANDEY","Grade 8 B","SIDDHANT KUMAR",9637460465,ppgmis,CHANGE,
2534,"ANVIKA DHIRAJ KUMAR SINHA","Grade 7 A",ANVIKA,9372221026,ppgmis,CHANGE,
2535,"Adhira Pankaj Alai","PREP 1 A",7817927951,7817927951,ppgmis,CHANGE,
2537,"Rutvi Manish More",REMOVED,9356463290,9356463290,ppgmis,CHANGE,
2538,"Gargi Chetan Gambhirrao","PREP 2 B",8999792013,8999792013,ppgmis,CHANGE,
2539,"Shivam Shahaji Arjun","Grade 2 B",SHIVAM,9763714982,ppgmis,CHANGE,
2540,"Snehal Sominath Tandale","Grade 2 B",SNEHAL,9021213438,ppgmis,CHANGE,
2541,"PRATIK BALAJI GAIKWAD","Grade 7 A",PRATIK,8605852378,ppgmis,CHANGE,
2542,"DRITI VAIBHAV SHAH","Grade 1 B",DRITI,9967554978,ppgmis,CHANGE,
2543,"Aradhana Angad Ghatge","Grade 2 B",ARADHANA,9767297326,ppgmis,CHANGE,
2544,"ANSH DHARNIA SURESH KUMAR",REMOVED,"ANSH DHARNIA",9971171163,ppgmis,CHANGE,
2545,"LAVESH JAGDISH SINGH PANWAR","Grade 6 B",LAVESH,8485813622,ppgmis,CHANGE,
2546,"Ketaki Ganesh Kadam","Grade 2 B",KETAKI,9226919946,ppgmis,CHANGE,
2547,"Sambodhi Umesh Sonawane","Grade 2 C",SAMBODHI,,,SKIPPED,"no valid mobile (student phone: 9011838420/9881138040)"
2548,"SAHIL SHAIKH ASHIR","Grade 9","SAHIL SHAIKH",9730089353,ppgmis,CHANGE,
2550,"Arafat Naeem Khot",REMOVED,9890250046,9890250046,ppgmis,CHANGE,
2551,"MOHAMMAD YUSUF MOHAMMED RAFEEQ","Grade 7 A","MOHAMMAD YUSUF",8106502835,ppgmis,CHANGE,
2552,"Salwa Ibrahim Mulla","Grade 2 B",SALWA,9561415105,ppgmis,CHANGE,
2553,"Sharanya Rohit Shinde","PREP 1 A",9356981191,9356981191,ppgmis,CHANGE,
2554,"HARSHADA RAVINDRA KANSE","Grade 8 B",HARSHADA,,,SKIPPED,"no valid mobile (student phone: 9850017971/7666304716)"
2555,"Husain Ahmedali Khot","Grade 2 B",HUSAIN,7020935314,ppgmis,CHANGE,
2557,"YUG DEEPAK BHARSADIYA","Grade 3 C",YUG,,,SKIPPED,"no valid mobile (student phone: 9223388925/9724710293)"
2558,"Prerit Aakar Patel","PREP 1 A",8928871394,8928871394,ppgmis,CHANGE,
2559,"VIBHAVARI SUNIL PANDIT","Grade 7 A",VIBHAVARI,7600487428,ppgmis,CHANGE,
2560,"Urvi Ganesh Sawant","Grade 2 C",URVI,8530471672,ppgmis,CHANGE,
2561,"KRISHNMURTI SHIVMURTI PAWAR",REMOVED,KRISHNMURTI,8237153667,ppgmis,CHANGE,
2562,"Vedant Vijay Deshmukh","Grade 5 B",VEDANT,9764483802,ppgmis,CHANGE,
2563,"SIDDHANT DESHMUKH","Grade 5 A","SIDDHANT DESHMUKH",9022318415,ppgmis,CHANGE,
2564,"Sai Rushikesh Narale",REMOVED,9730230024,9730230024,ppgmis,CHANGE,
2565,"ANSH GHANASHYAM KAMBLE","Grade 7 A",ANSH,7020707449,ppgmis,CHANGE,
2566,"SAI MILIND MOHARE","Grade 7 B",SAI,9823237262,ppgmis,CHANGE,
2567,"PARIJA HARESH MOHARE","Grade 7 A",PARIJA,8446925788,ppgmis,CHANGE,
2568,"HIMANI MUKESH AGARWAL","Grade 6 B",HIMANI,9677165410,ppgmis,CHANGE,
2569,"HARSHITA ARUN SINGH","Grade 8 A",HARSHITA,9376470006,ppgmis,CHANGE,
2570,"Sharvil Sagar Mistari","PREP 2 A",9860778706,9860778706,ppgmis,CHANGE,
2571,"Ishan Rakesh Deshmukh","Grade 2 A",ISHAN,9145403001,ppgmis,CHANGE,
2572,"Takshika Prashant Soni","PREP 1 B",8109471147,8109471147,ppgmis,CHANGE,
2574,"Jagruti Amar Shembade",REMOVED,8600824789,8600824789,ppgmis,CHANGE,
2575,"Darsh Rakesh Oswal","Grade 2 A",DARSH,9619113119,ppgmis,CHANGE,
2576,"HAMDAN ALLAUDDIN SHAIKH","Grade 3 C",HAMDAN,9307272901,ppgmis,CHANGE,
2577,"BHAVYA JAGDISH RANE","Grade 3 C",BHAVYA,,,SKIPPED,"no valid mobile (student phone: 775062397)"
2578,"DIVYA JAGDISH RANE","Grade 3 B",9922674264,9922674264,ppgmis,CHANGE,
2579,"Aarohi Sanket Hadap","PREP 1 A",9922484619,9922484619,ppgmis,CHANGE,
2580,"Mohammed Shams Usman Nalband","PREP 1 A",7768987745,7768987745-2,ppgmis,CHANGE,"number already used by teacher"
2581,"BHAVYARAJSINGH MANSINGH SHEKHAWAT","Grade 3 B",8623955000,8623955000,ppgmis,CHANGE,
2584,"SHIVAM SANTOSH ATKARI","Grade 4 A",SHIVAM,9623138793,ppgmis,CHANGE,
2585,"SANSKRUTI SANTOSH ATKARI","Grade 3 B",9623138793,9623138793-2,ppgmis,CHANGE,"number already used by student"
2586,"Purva Sandeep Waghmare","PREP 2 A",7057482144,7057482144,ppgmis,CHANGE,
2587,"Darsh Nilesh Deshmukh","Grade 4 B",DARSH,8793822675,ppgmis,CHANGE,
2588,"PRAGNAY RAJESH JANGAM","Grade 3 B",8329053421,8329053421,ppgmis,CHANGE,
2589,"ATHANG TANAJI CHAVAN",REMOVED,9765414121,9765414121,ppgmis,CHANGE,
2590,"SHARVIL  AMRUTKAR","Grade 1 C",SHARVIL,8956618466-2,ppgmis,CHANGE,"number already used by student"
2591,"AYUSH KUMAR SINGH MITHILESH KUMAR","Grade 9","AYUSH KUMAR SINGH",9518326948,ppgmis,CHANGE,
2592,"Kiara Ramakant Sonawane","PREP 1 B",8097268083,8097268083,ppgmis,CHANGE,
2593,"Nihit Anil Jangid","Grade 2 C",NIHIT,8955660629,ppgmis,CHANGE,
2594,"AVNEESH UMESH SALVI","Grade 7 A",AVNEESH,7777984227,ppgmis,CHANGE,
2595,"ANJALI SANJAY TAWAR","Grade 3 A",9423822750,9423822750,ppgmis,CHANGE,
2597,"MISHA PRITHVIRAJ CHAUHAN","Grade 5 B",MISHA,8329103386-2,ppgmis,CHANGE,"number already used by teacher"
2598,"Kiran Harsan Ram Purohit","Grade 4 B",KIRAN,7972782662-2,ppgmis,CHANGE,"number already used by parents"
2599,"Ritika Harasan Ram Purohit","Grade 6 A",RITIKA,7972782662-3,ppgmis,CHANGE,"number already used by parents"
2600,"MANISH HARASAN RAM PUROHIT","Grade 3 B",7972782662,7972782662-4,ppgmis,CHANGE,"number already used by parents"
2601,"Dhruvi Vinod Adhikari","PREP 2 B",9209191910,9209191910,ppgmis,CHANGE,
2602,"NAMAN RAJ SINGH ROSHAN SINGH","Grade 10",9561003762,9561003762,ppgmis,CHANGE,
2603,"GANDHARV CHAVAN SAMRAT",REMOVED,9730267005,9730267005,ppgmis,CHANGE,
2604,"KANCHAN SHARMA KAPIL","Grade 9","KANCHAN SHARMA",8860490482,ppgmis,CHANGE,
2605,"SHRIYANSH NIKESH BANWADE","Grade 5 A",SHRIYANSH,8966909244,ppgmis,CHANGE,
2606,"Saishree Sagar Sangale","PREP 2 B",8010085927,8010085927,ppgmis,CHANGE,
2607,"TANVI MAHENDRA SAWANT","Grade 9",TANVI,7768041882,ppgmis,CHANGE,
2609,"Sanyukta Santosh Awati",REMOVED,8355890067,8355890067,ppgmis,CHANGE,
2610,"Nivanshi Vijay Sawant",REMOVED,NIVANSHI,7709012889,ppgmis,CHANGE,
2611,"Manwa Sameer Masurkar","PREP 1 B",7758808805,7758808805-3,ppgmis,CHANGE,"number already used by parents"
2612,"Rudra Ganesh Munde","PREP 2 B",9975384135,9975384135,ppgmis,CHANGE,
2613,"OVI PRADEEP CHOGALE","Grade 6 B",9309576429,9309576429,ppgmis,CHANGE,
2614,"JANVI BALU BAVDHANE","Grade 9",JANVI,7758966288,ppgmis,CHANGE,
2616,"J.S RAJNANDINI SHASHIKANT JHA","Grade 7 B","J.S RAJNANDINI",9751898036,ppgmis,CHANGE,
2617,"Shriyansh Suhas Tagade","Grade 2 A",SHRIYANSH,9766628882,ppgmis,CHANGE,
2618,"Kaivalya Sagar Baraskar","PREP 1 A",9604449734,9604449734,ppgmis,CHANGE,
2619,"MINAKSHI KUMARI LALIT PUROHIT","Grade 3 A",9892272744,9892272744,ppgmis,CHANGE,
2620,"NEEL LAV GONDHALI","Grade 6 B",NEEL,9579608607,ppgmis,CHANGE,
2622,"Vrushika Shekhar More","Grade 2 C",VRUSHIKA,8390865115,ppgmis,CHANGE,
2623,"Aayansh Akshay Sakpal","PREP 1 B",8446666826,8446666826,ppgmis,CHANGE,
2624,"PRASHANK  KUMAR",REMOVED,7905401527,7905401527,ppgmis,CHANGE,
2625,"Aarhan Asif Patil","Grade 2 B",AARHAN,7972295772,ppgmis,CHANGE,
2626,"Ved Pradeep Chogale","Grade 2 B",VED,8788347140,ppgmis,CHANGE,
2627,"Akshita Mansingh Shekhawat","Grade 2 C",AKSHITA,8623955000-2,ppgmis,CHANGE,"number already used by student"
2628,"VIHAAN SAGAR KHAMKAR SAGAR",REMOVED,7264992800,7264992800,ppgmis,CHANGE,
2629,"Mohd. Arham Safdarali Fakki","PREP 1 B",7028115675,7028115675-2,ppgmis,CHANGE,"number already used by student"
2632,"SAYUJYA SACHIN SHAHANE","Grade 10",SAYUJYA,9325102580,ppgmis,CHANGE,
2633,"Prashika Roshan Lonare","Grade 2 B",PRASHIKA,9595308568,ppgmis,CHANGE,
2634,"Sanskriti Roshan Lonare","Grade 6 A",SANSKRITI,8208813990,ppgmis,CHANGE,
2635,"Anaya Darshan Oswal",NURSERY,ANAYA,8796870205,ppgmis,CHANGE,
2636,"Ruhi Rahul Deshmukh","PREP 1 A",8237987582,8237987582-2,ppgmis,CHANGE,"number already used by student"
2637,"Adhiraj Rohan Bhosale","PREP 1 B",8237210706,8237210706,ppgmis,CHANGE,
2638,"Yashvardhan Rohan Bhosale","PREP 1 B",YASHVARDHAN,8237210706-2,ppgmis,CHANGE,"number already used by student"
2639,"Shaarvil Prasad Tonde",NURSERY,SHAARVIL,8308336633-2,ppgmis,CHANGE,"number already used by student"
2640,"Hriyaan Hemant Nerkar","PREP 1 A",7378487743,7378487743,ppgmis,CHANGE,
2641,"Garvik Rohit Magar","PREP 1 B",GARVIK,9890462442-2,ppgmis,CHANGE,"number already used by student"
2642,"Aaradhya Kailash Tupe","PREP 1 A",9209467698,9209467698,ppgmis,CHANGE,
2643,"Malhar Tushar Deshmukh","PREP 1 B",9511213720,9511213720-2,ppgmis,CHANGE,"number already used by student"
2644,"Virika Lagnesh Kumar Sharma",NURSERY,VIRIKA,7350430377-2,ppgmis,CHANGE,"number already used by teacher"
2645,"Vatsal Kumar Lagnesh Kumar","PREP 1 A",7350430377,7350430377-3,ppgmis,CHANGE,"number already used by teacher"
2646,"Hiyaan Amit Oswal",NURSERY,HIYAAN,9867082777-2,ppgmis,CHANGE,"number already used by student"
2647,"Maryam Mohtaseem Jalgaonkar","PREP 1 B",9670841743,9670841743,ppgmis,CHANGE,
2648,"Veera Rahul Bhor","PREP 1 A",8830844775,8830844775-2,ppgmis,CHANGE,"number already used by student"
2649,"Vihaan Chetan Sutar",NURSERY,VIHAAN,7276260689,ppgmis,CHANGE,
2650,"Abdulla Ajaj Khot",NURSERY,ABDULLA,9665014433,ppgmis,CHANGE,
2651,"Maryam Tabrej Pathan","PREP 1 A",7768884356,7768884356-2,ppgmis,CHANGE,"number already used by teacher"
2652,"Vedant Singh","PREP 1 B",9305791103,9305791103,ppgmis,CHANGE,
2653,"Ayushman Biswajit Ghorai","PREP 1 A",9822819150,9822819150,ppgmis,CHANGE,
2654,"Nirvan Pranjit Hazarika","PREP 1 B",9139423213,9139423213,ppgmis,CHANGE,
2655,"Rishank Shekhar Thombare",NURSERY,RISHANK,8007734774,ppgmis,CHANGE,
2657,"Trisha Sushant Angre","PREP 1 B",TRISHA,9768687536,ppgmis,CHANGE,
2659,"ARYA ATUL GOLAIT ATUL NARAYANRAO GOLAIT","Grade 9","ARYA ATUL GOLAIT",9004011734,ppgmis,CHANGE,
2660,"Shubhra Nikhil Nagaonkar","Grade 1 C",SHUBHRA,9870031791,ppgmis,CHANGE,
2662,"VARAD ANIL SAWANT ANIL","Grade 1 B","VARAD ANIL SAWANT",8767421844,ppgmis,CHANGE,
2663,"Mythili Ajit Thakur","Grade 1 C",MYTHILI,9561560570,ppgmis,CHANGE,
2664,"Divyansh Sudhir Kumar Kumar","Grade 1 B",DIVYANSH,9572070559-2,ppgmis,CHANGE,"number already used by student"
2665,"Veera Vishal Sawant","Grade 1 C",VEERA,9373043086,ppgmis,CHANGE,
2666,"SATAVIK MAHADEV MAHADEV KESHAV MAGAR","Grade 1 C","SATAVIK MAHADEV",7666127438,ppgmis,CHANGE,
2667,"ARUSH JITENDRA CHALKE","Grade 3 B",ARUSH,8830762166,ppgmis,CHANGE,
2668,"MUGDHA SUDHIR GOSAVI","Grade 3 A",MUGDHA,9920686004,ppgmis,CHANGE,
2669,"ABDUL HANNAN RAMEEZ BEDEKAR","Grade 1 A","ABDUL HANNAN",8793019125,ppgmis,CHANGE,
2670,"Meeraya Swapnil Daphal","PREP 1 A",7447861199,7447861199,ppgmis,CHANGE,
2671,"Rayan Swapnil Daphal","PREP 1 A",RAYAN,7447861199-2,ppgmis,CHANGE,"number already used by student"
2672,"ANVIT SHEKHAR BHOR","Grade 1 B",ANVIT,9309799107,ppgmis,CHANGE,
2673,"ISMAIL IBRAHIM BHUSAREE","Grade 7 A",ISMAIL,7972846415,ppgmis,CHANGE,
2674,"Advaya Maheshkumar Dafal","Grade 1 B",ADVAYA,9764821486,ppgmis,CHANGE,
2675,"DARSHAN ROHAN KSHIRSAGAR","Grade 7 A",DARSHAN,9762466915,ppgmis,CHANGE,
2676,"TARUNESH  KALE","Grade 3 C",TARUNESH,8788537169,ppgmis,CHANGE,
2677,"HITANSH UMED PRAJAPATI","Grade 1 A",HITANSH,9773128422,ppgmis,CHANGE,
2678,"Prajakta Balaji Gaikwad","Grade 1 B",PRAJAKTA,8669125424,ppgmis,CHANGE,
2679,"Pahal Piyush Oswal","PREP 1 B",7517011317,7517011317-2,ppgmis,CHANGE,"number already used by student"
2680,"PRAGATO ROY PARTHA SARATHI ROY","Grade 9","PRAGATO ROY",8446362797,ppgmis,CHANGE,
2681,"OVEE SHAILESH SHIVADE","Grade 1 A",OVEE,9673229319,ppgmis,CHANGE,
2682,"SRUTHA KEERTHI SABARATHINAM R","Grade 3 A","SRUTHA KEERTHI",9597778175,ppgmis,CHANGE,
2683,"ZUNAIRA JAVIDAHMAD JAMADAR JAVIDAHMAD SUBEDAR JAMADAR","Grade 9","ZUNAIRA JAVIDAHMAD JAMADAR",9860408456,ppgmis,CHANGE,
2684,"Shivansh  Dubey","PREP 1 B",SHIVANSH,8407942703,ppgmis,CHANGE,
2685,"SALMAN SUBHEDAR JAMADAR","Grade 3 A",SALMAN,9405474331,ppgmis,CHANGE,
2686,"VIRAJ DIPAK AMRUTKAR","Grade 1 A",VIRAJ,9076105363-2,ppgmis,CHANGE,"number already used by student"
2687,"NITA DIPAK PATIL","Grade 1 A",NITA,8530681427-2,ppgmis,CHANGE,"number already used by student"
2688,"ARYAL ABHIJEET BALKAWADE","Grade 7 A",ARYAL,9370338070,ppgmis,CHANGE,
2689,"ARAV ABHIJEET BALKAWADE","Grade 7 A",ARAV,9881654433,ppgmis,CHANGE,
2690,"Yuvaan Pravin Mahadik","PREP 1 A",9764871890,9764871890,ppgmis,CHANGE,
2691,"Mihit Pritesh Jain",NURSERY,MIHIT,9373538155,ppgmis,CHANGE,
2692,"Jiya Ankit Darekar",NURSERY,JIYA,9764380345,ppgmis,CHANGE,
2693,"KARTIK JANARDHAN KSHIRSAGAR",REMOVED,"KARTIK JANARDHAN KSHIRSAGAR",,,SKIPPED,"no valid mobile (student phone: )"
2694,"Saee Abhay Pingale",NURSERY,SAEE,9579819615,ppgmis,CHANGE,
2695,"SHREESH SAGAR PRABHAKAR SHAHANE","Grade 7 B",SHREESH,9711689779,ppgmis,CHANGE,
2696,"PRIYANKA SIL RAJIB","Grade 10",8459632450,8459632450,ppgmis,CHANGE,
2697,"KIYANSH KRISHNA KUMAR SINGH","Grade 1 C",KIYANSH,8329709414,ppgmis,CHANGE,
2698,"Vihanshi Vrushal Papal",NURSERY,VIHANSHI,9022946553,ppgmis,CHANGE,
2699,"Kartik Dhondu Bodekar",NURSERY,KARTIK,9960831981,ppgmis,CHANGE,
2700,"MAAHIR  GAIKWAD","Grade 3 C",MAAHIR,9820340020,ppgmis,CHANGE,
2701,"Anvi Vaibhav Gomane",NURSERY,ANVI,7755958913,ppgmis,CHANGE,
2702,"Harshita Bhushan Shinde",REMOVED,HARSHITA,8087439270,ppgmis,CHANGE,
2703,"Abhimanyu Sandeep Chavan",NURSERY,ABHIMANYU,8605936675,ppgmis,CHANGE,
2704,"SMAYRA SHIVADNYA DESHMUKH","Grade 3 B",9175118066,9175118066,ppgmis,CHANGE,
2705,"RIDDHI LOKESH JAKHOTIA","Grade 8 A",RIDDHI,9665399502,ppgmis,CHANGE,
2706,"Sirisha Prayag Jadhav",NURSERY,SIRISHA,7506081041,ppgmis,CHANGE,
2707,"Karunyakeerthi. S",NURSERY,"KARUNYAKEERTHI. S",9345888175-2,ppgmis,CHANGE,"number already used by teacher"
2708,"AMAIRA SHAHID PATIL","Grade 1 A",AMAIRA,7796622656,ppgmis,CHANGE,
2709,"Niyansh Dilip Khade",NURSERY,NIYANSH,9923199916,ppgmis,CHANGE,
2710,"ADHIRA DHIRAJ DESHMUKH","Grade 3 B",ADHIRA,8668813329,ppgmis,CHANGE,
2711,"Shashvati Akshay Patil",NURSERY,SHASHVATI,7977229728,ppgmis,CHANGE,
2712,"AARADHYA PRAFUL SUNKARWAR","Grade 10","AARADHYA PRAFUL SUNKARWAR",9404371979,ppgmis,CHANGE,
2713,"AAYUSH PRAFUL SUNKARWAR","Grade 7 B",AAYUSH,9404371979-2,ppgmis,CHANGE,"number already used by student"
2714,"Krushna Vaibhav Balkawade",NURSERY,KRUSHNA,9322307370,ppgmis,CHANGE,
2715,"Sukanya Sagar Badekar","Grade 2 A",SUKANYA,9960712851,ppgmis,CHANGE,
2716,"Shourya Sagar Patil","PREP 1 B",8010670184,8010670184,ppgmis,CHANGE,
2717,"Agrim Pranjit Hazarika","Grade 4 B",AGRIM,8668473365,ppgmis,CHANGE,
2718,"Hamza Murtuza Jalgaonkar","PREP 1 B",9404711451,9404711451,ppgmis,CHANGE,
2719,"MARIYAM SAHIL SHAIKH","Grade 4 A",MARIYAM,8329404205,ppgmis,CHANGE,
2720,"ANURAG AMIT GHADGE","Grade 1 B",ANURAG,9764436166,ppgmis,CHANGE,
2721,"Veda Harshad Kulkarni","PREP 2 B",VEDA,9404001011,ppgmis,CHANGE,
2723,"PRAPTI BHAVSAR SANDEEP BHAVSAR","Grade 10",8982799545,8982799545,ppgmis,CHANGE,
2724,"Swara Sagar Kanse","Grade 2 B",SWARA,9607796300,ppgmis,CHANGE,
2725,"SAISHA SUMIT PENKAR","Grade 1 B",SAISHA,8237507425,ppgmis,CHANGE,
2726,"Ananya Sanjay Dhage","Grade 5 B",ANANYA,8380075030,ppgmis,CHANGE,
2727,"Akriti Rahul Patel",NURSERY,AKRITI,8948949379,ppgmis,CHANGE,
2728,"Hritvi Mayuresh Jadhav","PREP 1 B",9356374982,9356374982,ppgmis,CHANGE,
2729,"Sara Jagdish Agivale","PREP 1 B",8767279724,8767279724,ppgmis,CHANGE,
2730,"Ira Jagdish Agivale","PREP 1 A",8767279724,8767279724-2,ppgmis,CHANGE,"number already used by student"
2731,"Ashved Gajanan Bhosale",NURSERY,ASHVED,9518308235,ppgmis,CHANGE,
2732,"Reetuparna Ratukanta Panda",NURSERY,REETUPARNA,8626041190-2,ppgmis,CHANGE,"number already used by student"
2733,"SHIVANYA  CHAVAN","Grade 5 A",SHIVANYA,8767290567,ppgmis,CHANGE,
2734,"Aadhya Milind Sawant","PREP 2 A",9022256736,9022256736,ppgmis,CHANGE,
2735,"Daksh Nitin Mahale","Grade 5 B",DAKSH,9049181217,ppgmis,CHANGE,
2736,"Veera Nitin More",NURSERY,VEERA,9021573585,ppgmis,CHANGE,
2737,"Adved Rohan Tharkude",NURSERY,ADVED,9637235885,ppgmis,CHANGE,
2738,"Rudra Shahaji Arjun","PREP 1 A",9096967652,9096967652,ppgmis,CHANGE,
2740,"ADVAY RUDRAN DESHMUKH","Grade 7 A",ADVAY,7796310810,ppgmis,CHANGE,
2741,"Mrunmayi Manoj Dhole","Grade 4 B",MRUNMAYI,9923582551,ppgmis,CHANGE,
2742,"VEDANT MAHESH MOHITE","Grade 9",VEDANT,9823796143,ppgmis,CHANGE,
2743,"Raghav Moreshwar Kikale","Grade 2 A",RAGHAV,9618260240,ppgmis,CHANGE,
2744,"Viraj Neenad Galgude","Grade 2 C",VIRAJ,8451983333,ppgmis,CHANGE,
2745,"Aarav Nikhil Roy","Grade 2 A",AARAV,8840900353,ppgmis,CHANGE,
2746,"ADITI RAJKUMAR  KENDRE RAJKUMAR TRYAMBAKRAO KENDRE","Grade 9","ADITI RAJKUMAR  KENDRE",7588333100,ppgmis,CHANGE,
2747,"TASMAY  SHINDE","Grade 1 C",TASMAY,9892799845,ppgmis,CHANGE,
2748,"ANANYA YOGESH PATIL","Grade 7 B",ANANYA,8983299718,ppgmis,CHANGE,
2749,"ALAN BENNY BENNY P J","Grade 9","ALAN BENNY",8118843077,ppgmis,CHANGE,
2750,"Kritika Raghuveer Deshbhandari","Grade 5 B",KRITIKA,8888331004,ppgmis,CHANGE,
2751,"Lishan Durga Prasad Animiredd","Grade 2 A",LISHAN,9848089840,ppgmis,CHANGE,
2752,"DEEPTANSHU DEVESH KUMAR SAHOO","Grade 3 A",DEEPTANSHU,9764869498,ppgmis,CHANGE,
2753,"SIFAT KAUR RAVINDER SINGH KOHLI KOHLI","Grade 8 A","SIFAT KAUR",9326801114,ppgmis,CHANGE,
2754,"Prem Anil Bhalerao","Grade 10",7745024809,7745024809,ppgmis,CHANGE,
2755,"Yash Anil Bhalerao","Grade 10",7745024809,7745024809-2,ppgmis,CHANGE,"number already used by student"
2756,"Vishwa Vishal Khade",NURSERY,VISHWA,8421057966,ppgmis,CHANGE,
2757,"TRISHA  KADAM","Grade 1 C",TRISHA,8380094502,ppgmis,CHANGE,
2758,"MINAL MEHMOOD JALGAONKAR MEHMOOD ADAM  JALGAONKAR","Grade 9","MINAL MEHMOOD JALGAONKAR",7709080664,ppgmis,CHANGE,
2759,"Adhira Deepak Gaikwad","PREP 1 A",8879384170,8879384170-2,ppgmis,CHANGE,"number already used by student"
2760,"Riyanshi Vishal Shetye","Grade 2 C",RIYANSHI,9823475597,ppgmis,CHANGE,
2761,"Shlok Suhas Vazarkar",NURSERY,SHLOK,7020523645,ppgmis,CHANGE,
2762,"Ovi Amol Patil","Grade 2 C",OVI,7972312025,ppgmis,CHANGE,
2763,"Shriyan Nikesh Deshmukh",NURSERY,SHRIYAN,9130716286,ppgmis,CHANGE,
2764,"ARNA KAILAS NAGARGOJE","Grade 4 A",ARNA,9922072727,ppgmis,CHANGE,
2765,"MANYA MUKTESH AWASTHI","Grade 10",MANYA,8956547109,ppgmis,CHANGE,
2766,"SAMARPREET SINGH HARPREET SINGH AVDEEL","Grade 8 B","SAMARPREET SINGH",7066712713,ppgmis,CHANGE,
2767,"VEDANT VISHAL SAWANT","Grade 8 B",VEDANT,9762101600,ppgmis,CHANGE,
2769,"ARYAN ANNA GORAD","Grade 7 B",ARYAN,9890960568,ppgmis,CHANGE,
2770,"ANKIT ANIL KELKAR ANIL BHAGWAN KELKAR","Grade 9","ANKIT ANIL KELKAR",9172462581,ppgmis,CHANGE,
2771,"Zaayra Imroz  Maldar","PREP 1 A","ZAAYRA IMROZ",8237167028,ppgmis,CHANGE,
2772,"SHRESHTHAV SREENATH PILLAI","Grade 4 A",SHRESHTHAV,7798453547,ppgmis,CHANGE,
2773,"ANANYA  HADAP","Grade 5 A",ANANYA,9922484619-2,ppgmis,CHANGE,"number already used by student"
2774,"Vedant Kondiba Shedage",NURSERY,VEDANT,9699767106,ppgmis,CHANGE,
2775,"NIYANSH MAYUR DESHMUKH","Grade 1 A",NIYANSH,8888593185,ppgmis,CHANGE,
2776,"Sambodhi Shailesh Athavale","Grade 1 B",SAMBODHI,9665282265,ppgmis,CHANGE,
2777,"MAHENOOR IBRAHIM BHUSAREE","Grade 5 A",MAHENOOR,7972846415-2,ppgmis,CHANGE,"number already used by student"
2778,"Mahera Rahim Shaha","Grade 2 C",MAHERA,9673978657,ppgmis,CHANGE,
2779,"ZEENAT RAHIM ABBAS SHAHA","Grade 7 A",ZEENAT,9370925592,ppgmis,CHANGE,
2780,"ARNIK PRASHANT TRIBHUWAN","Grade 1 B",9975775069,9975775069,ppgmis,CHANGE,
2781,"VIHAA MUKESH JAIN MUKESH","Grade 10","VIHAA MUKESH JAIN",9373282800,ppgmis,CHANGE,
2782,"VIBHAVARI DIPAK BHOI",REMOVED,VIBHAVARI,,,SKIPPED,"no valid mobile (student phone: )"
2783,"NAINIKA VENU GOPAL DOLAYI","Grade 1 B",NAINIKA,9391651344,ppgmis,CHANGE,
2784,"Prachi Shrikant Jadhav","Grade 6 A",PRACHI,7741972669,ppgmis,CHANGE,
2785,"SWAYAM SUMIT GAIKWAD","Grade 5 A","SWAYAM SUMIT GAIKWAD",8446681920,ppgmis,CHANGE,
2786,"Hiranya Sameer Pawar",NURSERY,HIRANYA,8554906231,ppgmis,CHANGE,
2787,"Adhavika Ajay Patil","Grade 5 B",ADHAVIKA,9545532785,ppgmis,CHANGE,
2788,"PALLAV GANESH KADAM","Grade 3 B",8169591116,8169591116,ppgmis,CHANGE,
2789,"VARDHAN SANTOSH TODKAR","Grade 6 B",8424054461,8424054461,ppgmis,CHANGE,
2790,"SHRIYOG PRADIP JADHAV","Grade 1 C",SHRIYOG,9405148488,ppgmis,CHANGE,
2791,"Shaurya Mahadeo Wagh",NURSERY,SHAURYA,9579638211,ppgmis,CHANGE,
2792,"SWARA PRAMOD BORDE","Grade 5 A","SWARA PRAMOD BORDE",9309328961,ppgmis,CHANGE,
2794,"Shani Ramhit Maurya","Grade 4 B",SHANI,9792060699,ppgmis,CHANGE,
2795,"ARYAN SHIVAJI CHOUGULE","Grade 1 A",ARYAN,8888211310,ppgmis,CHANGE,
2796,"SATVIK VIVEK PADAGE","Grade 1 B",SATVIK,7028304435,ppgmis,CHANGE,
2797,"SHRIJA SHAILENDRA SHINDE","Grade 1 A",SHRIJA,9730278461,ppgmis,CHANGE,
2798,"SANYAMI SACHIN MOHITE","Grade 1 B",SANYAMI,9137946752,ppgmis,CHANGE,
2799,"SHRAVYA  DESHMUKH","Grade 1 C",SHRAVYA,9145670057,ppgmis,CHANGE,
2800,"YUVANSH  DISALE","Grade 1 C",YUVANSH,9373377619,ppgmis,CHANGE,
2801,"LAVANYA DURVESH JAGTAP","Grade 1 A",LAVANYA,7755935359,ppgmis,CHANGE,
2802,"MUGDHA VISHAL PATIL","Grade 1 B",MUGDHA,9158399412,ppgmis,CHANGE,
2803,"RIYANSH  GIRI","Grade 1 C",RIYANSH,7888233238,ppgmis,CHANGE,
2804,"NIRVED YOGESH MAHADIK","Grade 1 B",NIRVED,9764669321,ppgmis,CHANGE,
2805,"Drushti Sandip Deshmukh","Grade 6 A",DRUSHTI,9923885046,ppgmis,CHANGE,
2806,"BUDHISHA UTTAM OVHAL",REMOVED,BUDHISHA,7744825868,ppgmis,CHANGE,
2807,"KUMKUM KUMARI SHIVA SAW","Grade 6 B","KUMKUM KUMARI",7498387081,ppgmis,CHANGE,
2808,"ATIT KUMAR SHIVA SAW","Grade 3 B","ATIT KUMAR",8657551137,ppgmis,CHANGE,
2809,"Swaransh sumit Gaikwad","PREP 2 B",SWARANSH,8149493901,ppgmis,CHANGE,
2810,"NARENDRA PRAVEEN KUMAR","Grade 7 B",NARENDRA,8003937351,ppgmis,CHANGE,
2811,"KALPESH KUMAR","Grade 8 A","KALPESH KUMAR",8003937351-2,ppgmis,CHANGE,"number already used by student"
2812,"VEDANT PRAVIN GAIKWAD","Grade 1 A",VEDANT,9762101600-2,ppgmis,CHANGE,"number already used by student"
2813,"SHAKYA SANNY PAGARE","Grade 7 A",SHAKYA,9960522347,ppgmis,CHANGE,
2814,"SANCHI  PAGARE","Grade 3 A",SANCHI,9960522345,ppgmis,CHANGE,
2815,"BHOOMI SUHAS AWAD","Grade 1 B",BHOOMI,8552903207,ppgmis,CHANGE,
2819,"Yuvaan Yadav","Grade 3 C",YUVAAN,9284144569,ppgmis,CHANGE,
2822,"Rajveer Anil Patil",REMOVED,RAJVEER,,,SKIPPED,"no valid mobile (student phone: )"
2823,"Ananya Gorakh Nikam","Grade 2 C",ANANYA,9423086084,ppgmis,CHANGE,
2827,"Sparsh Satish Ingale","Grade 4 B",SPARSH,9145786889,ppgmis,CHANGE,
2829,"Shrishti Shambhu Kumar","Grade 6 A",SHRISHTI,8766389928,ppgmis,CHANGE,
2830,"SUHANI PRAFUL SINGH","Grade 8 A",SUHANI,8766389928-2,ppgmis,CHANGE,"number already used by student"
2831,"Swaransh Sumit Gawade","PREP 2 B",8149493901,8149493901-2,ppgmis,CHANGE,"number already used by student"
2833,"AVNI MANGESH KALE",REMOVED,AVNI,,,SKIPPED,"no valid mobile (student phone: )"
2834,"Atharva Sachin Kadu","Grade 8 A",ATHARVA,9850438849,ppgmis,CHANGE,
2835,"Viha Ajay Patil","PREP 2 A",VIHA,9834560944,ppgmis,CHANGE,
2836,"NAVYA KIRAN SHINDE","Grade 1 A",NAVYA,9112157339,ppgmis,CHANGE,
2837,"Shriyansh Ankush Watkar","Grade 1 B",SHRIYANSH,9665470343-2,ppgmis,CHANGE,"number already used by teacher"
2838,"Tanishka Kiran Shinde","PREP 1 B",TANISHKA,7498301190,ppgmis,CHANGE,
2839,"Zeeshan  Shah","Grade 1 C",ZEESHAN,9370925592-2,ppgmis,CHANGE,"number already used by student"
2840,"MANAS PAVAN BARAVKAR","Grade 1 A",MANAS,8623857219,ppgmis,CHANGE,
2841,"HITANSHU SHAILENDRA MISHRA","Grade 7 B",HITANSHU,7972156001,ppgmis,CHANGE,
2842,"Adhiroh Ninad Patwardhan","Grade 3 A",ADHIROH,9422084108,ppgmis,CHANGE,
2843,"Shriniddhi Ravindra Jondhale","PREP 1 B",SHRINIDDHI,9137882785,ppgmis,CHANGE,
2844,"Priyangi Subhash Chandra Mishra",NURSERY,PRIYANGI,9152856454,ppgmis,CHANGE,
2845,"Aarush  Mishra","Grade 1 C",AARUSH,7506074235,ppgmis,CHANGE,
2846,"Gargi Rahul Muneshwar","Grade 5 B",GARGI,9309936021,ppgmis,CHANGE,
2847,"Greha Rahul Muneshwar","Grade 5 B",GREHA,9309936021-2,ppgmis,CHANGE,"number already used by student"
2848,"Ashwini Bharat Solanki","Grade 8 B",ASHWINI,7410149417,ppgmis,CHANGE,
2849,"Pratyush Kumar  Behera","Grade 3 B","PRATYUSH KUMAR",8605326191,ppgmis,CHANGE,
2850,"Divyani Virendra Kumrawat","Grade 9",DIVYANI,8766832823,ppgmis,CHANGE,
2851,"Bhoomija Virendra Kumrawat","Grade 5 A",BHOOMIJA,8766832823-2,ppgmis,CHANGE,"number already used by student"
2852,"Yuvraj Babasaheb Rashinkar","Grade 6 A",YUVRAJ,9921716352,ppgmis,CHANGE,
2853,"Surya Pratap Singh Amarpal Singh","Grade 1 B","SURYA PRATAP SINGH",8442047003,ppgmis,CHANGE,
2854,"Mayra Sandip Karad","PREP 1 B",MAYRA,8378027777,ppgmis,CHANGE,
2855,"Aarush Kumar Verma","Grade 4 A","AARUSH KUMAR",7040060020,ppgmis,CHANGE,
2856,"Prashant Kumar Pankaj Kumar Yadav","Grade 1 C","PRASHANT KUMAR",7004557386,ppgmis,CHANGE,
2857,"Aradhya Mahesh Shinde","Grade 8 A",ARADHYA,9617970865,ppgmis,CHANGE,
2858,"Ayush Chandrakant Hake","Grade 7 A",AYUSH,7498119041,ppgmis,CHANGE,
2859,"Vaanya Sunil Kumar","Grade 3 C",VAANYA,9872366371,ppgmis,CHANGE,
2860,"Heyansh Sunil Kumar",NURSERY,HEYANSH,9872366371-2,ppgmis,CHANGE,"number already used by student"
2861,"Ananya Amol Pandilwar","Grade 4 A",ANANYA,7276109620,ppgmis,CHANGE,
